mesh_name,G_N,G_NNZ,solver_type,ordering_type,nd_levels,patch_type,patch_size,patch_time,factor/matrix NNZ ratio,ordering_time,analysis_time,factorization_time,solve_time,residual
bunnyhead,1550,10648,CUDSS,DEFAULT,0,,0,0,-9.39144e-05,-1,21,11,3,3.37723e-15
squircle,2020,14094,CUDSS,DEFAULT,0,,0,0,-7.09522e-05,-1,25,12,3,3.83265e-15
plane_subdiv,2209,15169,CUDSS,DEFAULT,0,,0,0,-6.59239e-05,-1,24,11,3,3.67082e-15
triceratops,2832,19812,CUDSS,DEFAULT,0,,0,0,-5.04745e-05,-1,29,11,3,4.45278e-15
cloth_uni_loop,3430,23540,CUDSS,DEFAULT,0,,0,0,-4.24809e-05,-1,53,17,4,4.93374e-15
torus,4608,32256,CUDSS,DEFAULT,0,,0,0,-3.1002e-05,-1,33,11,3,5.51105e-15
sphere5,6146,43010,CUDSS,DEFAULT,0,,0,0,-2.32504e-05,-1,43,11,4,6.56733e-15
upsample_box,6146,43010,CUDSS,DEFAULT,0,,0,0,-2.32504e-05,-1,48,20,6,6.36979e-15
Nicolo_da_Uzzano,6471,44963,CUDSS,DEFAULT,0,,0,0,-2.22405e-05,-1,48,11,4,6.85683e-15
Fennec_Fox,6563,45929,CUDSS,DEFAULT,0,,0,0,-2.17727e-05,-1,45,11,3,6.80801e-15
squirrel,8800,61588,CUDSS,DEFAULT,0,,0,0,-1.62369e-05,-1,57,11,4,7.7985e-15
dragon,10000,70000,CUDSS,DEFAULT,0,,0,0,-1.42857e-05,-1,63,11,3,8.37261e-15
rocker-arm,10044,70308,CUDSS,DEFAULT,0,,0,0,-1.42231e-05,-1,95,21,6,8.41846e-15
complex_tube,10841,76031,CUDSS,DEFAULT,0,,0,0,-1.31525e-05,-1,70,11,4,8.60056e-15
armadillo,13035,91233,CUDSS,DEFAULT,0,,0,0,-1.09609e-05,-1,75,11,4,9.51831e-15
ear2,13496,94448,CUDSS,DEFAULT,0,,0,0,-1.05878e-05,-1,73,11,4,9.86951e-15
cloth_loop3,14320,99322,CUDSS,DEFAULT,0,,0,0,-1.00683e-05,-1,127,11,4,9.92204e-15
Land,14738,103154,CUDSS,DEFAULT,0,,0,0,-9.69424e-06,-1,81,11,4,1.00832e-14
davidhead,14964,104736,CUDSS,DEFAULT,0,,0,0,-9.54782e-06,-1,83,11,5,1.03604e-14
beetle,19887,136991,CUDSS,DEFAULT,0,,0,0,-7.29975e-06,-1,100,10,4,1.20199e-14
bumpy-cube,19970,139778,CUDSS,DEFAULT,0,,0,0,-7.1542e-06,-1,104,11,6,1.20854e-14
sphere6,24578,172034,CUDSS,DEFAULT,0,,0,0,-5.8128e-06,-1,118,10,7,1.33421e-14
gargoyle,29921,209435,CUDSS,DEFAULT,0,,0,0,-4.77475e-06,-1,159,10,5,1.47114e-14
191118_mia337_081675_64Kmesh_MMrepaired,31771,223621,CUDSS,DEFAULT,0,,0,0,-4.47185e-06,-1,164,11,6,1.50703e-14
Mia_000887_ShakyamuniBuddha,32008,224008,CUDSS,DEFAULT,0,,0,0,-4.46413e-06,-1,150,10,6,1.50294e-14
Mia_001135_Zun_64K_OBJ,31996,223996,CUDSS,DEFAULT,0,,0,0,-4.46437e-06,-1,148,10,5,1.52148e-14
chinese_dragon,65599,459181,CUDSS,DEFAULT,0,,0,0,-2.17779e-06,-1,310,11,7,2.13835e-14
loop,173440,1214560,CUDSS,DEFAULT,0,,0,0,-8.23343e-07,-1,796,7,16,3.50736e-14
Jahn_C,181309,1269151,CUDSS,DEFAULT,0,,0,0,-7.87928e-07,-1,930,17,8,3.57224e-14
edgar-allan-poe-1,194632,1362412,CUDSS,DEFAULT,0,,0,0,-7.33992e-07,-1,967,20,23,3.70528e-14
d200k,200926,1402776,CUDSS,DEFAULT,0,,0,0,-7.12872e-07,-1,941,21,9,3.78228e-14
Hans_Moser_C,203915,1427393,CUDSS,DEFAULT,0,,0,0,-7.00578e-07,-1,999,21,9,3.80236e-14
Maenner_Gespraech_C,237402,1661886,CUDSS,DEFAULT,0,,0,0,-6.01726e-07,-1,1159,22,9,4.09603e-14
Marx_Mozart_C,241878,1695366,CUDSS,DEFAULT,0,,0,0,-5.89843e-07,-1,1136,9,19,4.12924e-14
Marx_Grab01_C,242564,1697948,CUDSS,DEFAULT,0,,0,0,-5.88946e-07,-1,1169,21,10,4.15181e-14
Engel_C_1,244255,1709797,CUDSS,DEFAULT,0,,0,0,-5.84865e-07,-1,1238,23,10,4.16568e-14
Figur_Hase_C,248995,1742953,CUDSS,DEFAULT,0,,0,0,-5.73739e-07,-1,1214,25,10,4.19514e-14
sphere5_0p5M,249534,1746726,CUDSS,DEFAULT,0,,0,0,-5.725e-07,-1,1449,27,13,4.06065e-14
Marx_Grab03_C,252147,1765017,CUDSS,DEFAULT,0,,0,0,-5.66567e-07,-1,1321,23,10,4.22067e-14
Faun_C,253578,1775202,CUDSS,DEFAULT,0,,0,0,-5.63316e-07,-1,1212,21,9,4.23053e-14
Guter_Hirte_CN,258241,1807723,CUDSS,DEFAULT,0,,0,0,-5.53182e-07,-1,1234,8,20,4.2583e-14
Brunnen_C,262023,1833119,CUDSS,DEFAULT,0,,0,0,-5.45518e-07,-1,1373,21,10,4.29178e-14
egg-carton-from-muslim-farms-master-geometry,262138,1835002,CUDSS,DEFAULT,0,,0,0,-5.44959e-07,-1,1189,25,11,nan
Marx_Albrechtsberger_C,263082,1841598,CUDSS,DEFAULT,0,,0,0,-5.43007e-07,-1,1297,23,10,4.31241e-14
Baeren_C,263345,1843403,CUDSS,DEFAULT,0,,0,0,-5.42475e-07,-1,1298,25,11,4.30547e-14
Engel_C,264483,1851477,CUDSS,DEFAULT,0,,0,0,-5.40109e-07,-1,1398,23,10,4.32539e-14
Die_Lesende_C,264532,1851712,CUDSS,DEFAULT,0,,0,0,-5.40041e-07,-1,1324,22,14,4.31562e-14
Muellergruppe_C,271249,1898887,CUDSS,DEFAULT,0,,0,0,-5.26624e-07,-1,1350,8,24,4.37236e-14
AufspringendesPferd_C,272922,1910478,CUDSS,DEFAULT,0,,0,0,-5.23429e-07,-1,1518,24,10,4.38834e-14
Adolf_Schaerf_C,280600,1964166,CUDSS,DEFAULT,0,,0,0,-5.09122e-07,-1,1357,25,10,4.44886e-14
Brigitta_C,286418,2004914,CUDSS,DEFAULT,0,,0,0,-4.98775e-07,-1,1393,26,11,4.49211e-14
Alexander_Olympias_CN,292158,2045126,CUDSS,DEFAULT,0,,0,0,-4.88967e-07,-1,1395,25,11,4.53985e-14
Apollon_Daphne_C,294058,2058908,CUDSS,DEFAULT,0,,0,0,-4.85694e-07,-1,1429,23,10,nan
Tennyson_Bust_Plaster,294944,2064592,CUDSS,DEFAULT,0,,0,0,-4.84357e-07,-1,1505,7,23,4.54241e-14
Aloisus_C,302919,2120469,CUDSS,DEFAULT,0,,0,0,-4.71594e-07,-1,1529,24,11,4.62823e-14
Nursia_C,302971,2120797,CUDSS,DEFAULT,0,,0,0,-4.71521e-07,-1,1528,25,16,4.62457e-14
Faun_C_1,304509,2131611,CUDSS,DEFAULT,0,,0,0,-4.69129e-07,-1,1449,7,22,4.64079e-14
Mach_C,305241,2136675,CUDSS,DEFAULT,0,,0,0,-4.68017e-07,-1,1494,26,11,4.64626e-14
Sphere8,393218,2752514,CUDSS,DEFAULT,0,,0,0,-3.63304e-07,-1,1843,49,16,5.3008e-14
BrainMid,396451,2775145,CUDSS,DEFAULT,0,,0,0,-3.60342e-07,-1,1829,60,28,5.35966e-14
Fiddler_Crab_manifold,455246,3186664,CUDSS,DEFAULT,0,,0,0,-3.13808e-07,-1,2571,7,27,5.66996e-14
Fiddler_Crab,455246,3186668,CUDSS,DEFAULT,0,,0,0,-3.13807e-07,-1,2620,7,26,5.66829e-14
Le_Transi_De_Rene_De_Chalon,494980,3465540,CUDSS,DEFAULT,0,,0,0,-2.88555e-07,-1,2970,59,20,5.89544e-14
elephant_zun-36_6_a_b-joined,516176,3605590,CUDSS,DEFAULT,0,,0,0,-2.77347e-07,-1,2505,34,14,5.99532e-14
swirling_base,519010,3633058,CUDSS,DEFAULT,0,,0,0,-2.7525e-07,-1,2288,36,15,6.08824e-14
week01,540639,3784601,CUDSS,DEFAULT,0,,0,0,-2.64229e-07,-1,2387,53,19,6.17334e-14
root_planter_box_v4_solid_high-definition,559855,3919015,CUDSS,DEFAULT,0,,0,0,-2.55166e-07,-1,2422,7,44,6.31413e-14
20131013_Venus2,587827,4114761,CUDSS,DEFAULT,0,,0,0,-2.43027e-07,-1,3062,39,15,6.42809e-14
vlamp,597380,4182236,CUDSS,DEFAULT,0,,0,0,-2.39107e-07,-1,3097,6,26,6.48769e-14
romanesco,637284,4449010,CUDSS,DEFAULT,0,,0,0,-2.24769e-07,-1,2979,43,24,6.77074e-14
1005586,906907,6396945,CUDSS,DEFAULT,0,,0,0,-1.56325e-07,-1,4722,59,20,8.02632e-14
Nefertiti_open,948264,6635264,CUDSS,DEFAULT,0,,0,0,-1.5071e-07,-1,4974,57,21,8.14471e-14
cloth10x10,952741,6661303,CUDSS,DEFAULT,0,,0,0,-1.50121e-07,-1,5116,63,21,-nan
372112,979353,6855459,CUDSS,DEFAULT,0,,0,0,-1.45869e-07,-1,5102,54,19,8.30644e-14
376252,980051,6860357,CUDSS,DEFAULT,0,,0,0,-1.45765e-07,-1,5149,58,19,8.3611e-14
Nefertiti,1009118,7063814,CUDSS,DEFAULT,0,,0,0,-1.41567e-07,-1,5356,71,23,8.39726e-14
Blue_Sea_Star,1120415,7842773,CUDSS,DEFAULT,0,,0,0,-1.27506e-07,-1,6577,53,19,8.87372e-14
488FancyRoller,1138346,7963504,CUDSS,DEFAULT,0,,0,0,-1.25573e-07,-1,5944,78,48,8.93649e-14
sphere5_1M,1171598,8201174,CUDSS,DEFAULT,0,,0,0,-1.21934e-07,-1,7160,116,61,8.9401e-14
Goethe_Lifemask,1173249,8208477,CUDSS,DEFAULT,0,,0,0,-1.21825e-07,-1,6981,89,40,9.08981e-14
Xenophora,1177334,8241304,CUDSS,DEFAULT,0,,0,0,-1.2134e-07,-1,6819,71,24,9.09806e-14
Dragon_2,1189200,8324424,CUDSS,DEFAULT,0,,0,0,-1.20128e-07,-1,6898,82,28,9.11247e-14
226633,1225855,8580985,CUDSS,DEFAULT,0,,0,0,-1.16537e-07,-1,5995,171,62,9.38487e-14
Horse_Head,1250389,8750579,CUDSS,DEFAULT,0,,0,0,-1.14278e-07,-1,8676,91,37,9.33559e-14
Lucy_3M_O10,1264847,8853905,CUDSS,DEFAULT,0,,0,0,-1.12945e-07,-1,6806,92,54,9.37115e-14
120628,1264847,8853905,CUDSS,DEFAULT,0,,0,0,-1.12945e-07,-1,6661,92,61,9.37012e-14
994785,1270940,8896568,CUDSS,DEFAULT,0,,0,0,-1.12403e-07,-1,6541,91,38,9.49852e-14
994786,1279849,8958943,CUDSS,DEFAULT,0,,0,0,-1.1162e-07,-1,6611,83,26,9.53666e-14
103354,1347290,9489650,CUDSS,DEFAULT,0,,0,0,-1.05378e-07,-1,7299,75,25,9.66236e-14
Sphinx_1,1397519,9782671,CUDSS,DEFAULT,0,,0,0,-1.02222e-07,-1,7734,110,46,9.976e-14
out,1406021,9842135,CUDSS,DEFAULT,0,,0,0,-1.01604e-07,-1,8786,112,81,1.006e-13
Thorne,1478051,10346403,CUDSS,DEFAULT,0,,0,0,-9.66519e-08,-1,10767,131,71,1.02283e-13
20131208_VenusDeMilo_Full_Scale_captured_by_Cosmo_Wenman,1577057,11039387,CUDSS,DEFAULT,0,,0,0,-9.05847e-08,-1,8591,98,40,1.05471e-13
372114,1577057,11039387,CUDSS,DEFAULT,0,,0,0,-9.05847e-08,-1,8589,97,39,1.05587e-13
uploads_b1_e4_b1_2a_5c_20131208+VenusDeMilo+Full+Scale+captured+by+Cosmo+Wenman,1577057,11039387,CUDSS,DEFAULT,0,,0,0,-9.05847e-08,-1,8354,95,47,1.05415e-13
Poetsche_Photoskultur_Goethe,1592141,11145023,CUDSS,DEFAULT,0,,0,0,-8.97261e-08,-1,8360,113,87,1.05934e-13
Bootleg_Eve,1648092,11536650,CUDSS,DEFAULT,0,,0,0,-8.66803e-08,-1,10524,92,69,1.0698e-13
Lucius_Quinctius_Cincinnatus,1683007,11781157,CUDSS,DEFAULT,0,,0,0,-8.48813e-08,-1,11326,113,50,1.09135e-13
Willy_Selke_Tondo,1696572,11876360,CUDSS,DEFAULT,0,,0,0,-8.42009e-08,-1,9159,100,49,1.07716e-13
Francois_Willeme_Selbsbildnis_LOW_170mb,1740098,12180890,CUDSS,DEFAULT,0,,0,0,-8.20958e-08,-1,9472,115,67,1.10686e-13
Horned_Sea_Star,1749060,12243426,CUDSS,DEFAULT,0,,0,0,-8.16765e-08,-1,10036,115,50,1.10102e-13
Beethoven,1749976,12249958,CUDSS,DEFAULT,0,,0,0,-8.16329e-08,-1,11924,102,53,1.11276e-13
Murex_Romosus,1759781,12318455,CUDSS,DEFAULT,0,,0,0,-8.1179e-08,-1,11166,128,87,1.12015e-13
bunnyhead,1550,10648,CUDSS,PARTH,9,,0,0,4.5911,30,14,12,3,3.3743e-15
bunnyhead,1550,10648,CUDSS,PARTH,11,,0,0,4.55147,51,14,12,3,3.32191e-15
squircle,2020,14094,CUDSS,PARTH,9,,0,0,6.00937,36,13,12,4,3.87866e-15
squircle,2020,14094,CUDSS,PARTH,11,,0,0,5.98311,46,14,13,3,3.87046e-15
plane_subdiv,2209,15169,CUDSS,PARTH,9,,0,0,2.63399,44,14,13,3,3.67607e-15
plane_subdiv,2209,15169,CUDSS,PARTH,11,,0,0,2.63729,49,15,11,3,3.67595e-15
triceratops,2832,19812,CUDSS,PARTH,9,,0,0,4.31183,48,14,12,3,4.46602e-15
triceratops,2832,19812,CUDSS,PARTH,11,,0,0,4.32071,51,15,12,3,4.44252e-15
cloth_uni_loop,3430,23540,CUDSS,PARTH,9,,0,0,4.66899,46,14,11,3,4.86373e-15
cloth_uni_loop,3430,23540,CUDSS,PARTH,11,,0,0,4.69524,68,16,12,4,4.82738e-15
torus,4608,32256,CUDSS,PARTH,9,,0,0,5.2947,55,15,11,3,5.46982e-15
torus,4608,32256,CUDSS,PARTH,11,,0,0,5.15296,73,16,13,3,5.57535e-15
sphere5,6146,43010,CUDSS,PARTH,9,,0,0,8.75727,57,16,11,4,6.63722e-15
sphere5,6146,43010,CUDSS,PARTH,11,,0,0,8.79898,90,17,11,4,6.64166e-15
upsample_box,6146,43010,CUDSS,PARTH,9,,0,0,8.85678,66,15,11,4,6.36292e-15
upsample_box,6146,43010,CUDSS,PARTH,11,,0,0,8.90184,94,17,12,4,6.40348e-15
Nicolo_da_Uzzano,6471,44963,CUDSS,PARTH,9,,0,0,5.66401,62,16,11,4,6.82606e-15
Nicolo_da_Uzzano,6471,44963,CUDSS,PARTH,11,,0,0,5.62047,92,17,13,3,6.86172e-15
Fennec_Fox,6563,45929,CUDSS,PARTH,9,,0,0,6.36933,61,16,11,3,6.74592e-15
Fennec_Fox,6563,45929,CUDSS,PARTH,11,,0,0,6.24971,88,16,16,4,6.76219e-15
squirrel,8800,61588,CUDSS,PARTH,9,,0,0,6.03569,79,17,11,4,7.8122e-15
squirrel,8800,61588,CUDSS,PARTH,11,,0,0,6.03803,106,17,11,4,7.81191e-15
dragon,10000,70000,CUDSS,PARTH,9,,0,0,5.23463,84,17,11,4,8.37929e-15
dragon,10000,70000,CUDSS,PARTH,11,,0,0,5.1452,128,18,12,4,8.39815e-15
rocker-arm,10044,70308,CUDSS,PARTH,9,,0,0,5.42211,90,17,11,4,8.37502e-15
rocker-arm,10044,70308,CUDSS,PARTH,11,,0,0,5.4911,124,17,17,5,8.39844e-15
complex_tube,10841,76031,CUDSS,PARTH,9,,0,0,6.62368,103,18,11,4,8.60953e-15
complex_tube,10841,76031,CUDSS,PARTH,11,,0,0,6.54695,133,18,11,4,8.66071e-15
armadillo,13035,91233,CUDSS,PARTH,9,,0,0,5.70332,94,17,16,5,9.5468e-15
armadillo,13035,91233,CUDSS,PARTH,11,,0,0,5.66305,137,19,17,5,9.54624e-15
ear2,13496,94448,CUDSS,PARTH,9,,0,0,6.80785,89,18,11,4,9.80938e-15
ear2,13496,94448,CUDSS,PARTH,11,,0,0,6.71658,149,19,11,4,9.76235e-15
cloth_loop3,14320,99322,CUDSS,PARTH,9,,0,0,6.17924,117,19,15,9,9.89784e-15
cloth_loop3,14320,99322,CUDSS,PARTH,11,,0,0,6.11093,150,19,11,4,9.96175e-15
Land,14738,103154,CUDSS,PARTH,9,,0,0,4.99521,90,18,10,4,1.01265e-14
Land,14738,103154,CUDSS,PARTH,11,,0,0,4.96275,152,19,16,4,1.0011e-14
davidhead,14964,104736,CUDSS,PARTH,9,,0,0,7.69046,134,19,13,5,1.03546e-14
davidhead,14964,104736,CUDSS,PARTH,11,,0,0,7.68085,159,19,11,5,1.038e-14
beetle,19887,136991,CUDSS,PARTH,9,,0,0,6.28928,101,19,11,4,1.19797e-14
beetle,19887,136991,CUDSS,PARTH,11,,0,0,6.2005,185,19,11,5,1.20551e-14
bumpy-cube,19970,139778,CUDSS,PARTH,9,,0,0,9.10398,131,20,15,7,1.20886e-14
bumpy-cube,19970,139778,CUDSS,PARTH,11,,0,0,8.92696,180,21,11,5,1.20868e-14
sphere6,24578,172034,CUDSS,PARTH,9,,0,0,10.9966,131,22,11,7,1.33177e-14
sphere6,24578,172034,CUDSS,PARTH,11,,0,0,10.7806,207,22,11,6,1.32951e-14
gargoyle,29921,209435,CUDSS,PARTH,9,,0,0,7.27108,125,24,13,6,1.47539e-14
gargoyle,29921,209435,CUDSS,PARTH,11,,0,0,7.03494,239,24,10,5,1.47364e-14
191118_mia337_081675_64Kmesh_MMrepaired,31771,223621,CUDSS,PARTH,9,,0,0,6.76414,146,25,11,6,1.50291e-14
191118_mia337_081675_64Kmesh_MMrepaired,31771,223621,CUDSS,PARTH,11,,0,0,6.71097,234,25,13,6,1.50834e-14
Mia_000887_ShakyamuniBuddha,32008,224008,CUDSS,PARTH,9,,0,0,7.08341,148,23,11,6,1.50339e-14
Mia_000887_ShakyamuniBuddha,32008,224008,CUDSS,PARTH,11,,0,0,6.92368,263,25,12,6,1.50137e-14
Mia_001135_Zun_64K_OBJ,31996,223996,CUDSS,PARTH,9,,0,0,6.49737,139,23,13,6,1.51932e-14
Mia_001135_Zun_64K_OBJ,31996,223996,CUDSS,PARTH,11,,0,0,6.41031,231,23,10,6,1.52363e-14
chinese_dragon,65599,459181,CUDSS,PARTH,9,,0,0,5.32873,239,30,11,7,2.14344e-14
chinese_dragon,65599,459181,CUDSS,PARTH,11,,0,0,5.25645,408,28,11,7,2.14357e-14
loop,173440,1214560,CUDSS,PARTH,9,,0,0,10.8187,642,50,9,17,3.51137e-14
loop,173440,1214560,CUDSS,PARTH,11,,0,0,10.7373,698,48,9,16,3.51574e-14
Jahn_C,181309,1269151,CUDSS,PARTH,9,,0,0,8.28053,673,57,20,9,3.57333e-14
Jahn_C,181309,1269151,CUDSS,PARTH,11,,0,0,8.30163,737,56,19,9,3.5762e-14
edgar-allan-poe-1,194632,1362412,CUDSS,PARTH,9,,0,0,8.44056,700,52,8,18,3.71131e-14
edgar-allan-poe-1,194632,1362412,CUDSS,PARTH,11,,0,0,8.39373,724,50,9,17,3.71223e-14
d200k,200926,1402776,CUDSS,PARTH,9,,0,0,9.82062,711,62,23,10,3.78957e-14
d200k,200926,1402776,CUDSS,PARTH,11,,0,0,9.70572,724,64,20,9,3.78348e-14
Hans_Moser_C,203915,1427393,CUDSS,PARTH,9,,0,0,8.9437,780,63,22,10,3.80874e-14
Hans_Moser_C,203915,1427393,CUDSS,PARTH,11,,0,0,8.88519,752,61,21,9,3.81105e-14
Maenner_Gespraech_C,237402,1661886,CUDSS,PARTH,9,,0,0,8.8364,864,73,24,9,4.09379e-14
Maenner_Gespraech_C,237402,1661886,CUDSS,PARTH,11,,0,0,8.80691,975,77,23,9,4.09162e-14
Marx_Mozart_C,241878,1695366,CUDSS,PARTH,9,,0,0,7.35336,882,68,21,9,4.13505e-14
Marx_Mozart_C,241878,1695366,CUDSS,PARTH,11,,0,0,7.38296,895,68,19,9,4.1275e-14
Marx_Grab01_C,242564,1697948,CUDSS,PARTH,9,,0,0,8.92294,915,80,26,10,4.15431e-14
Marx_Grab01_C,242564,1697948,CUDSS,PARTH,11,,0,0,8.92777,976,74,26,10,4.15177e-14
Engel_C_1,244255,1709797,CUDSS,PARTH,9,,0,0,8.6992,896,76,26,10,4.17143e-14
Engel_C_1,244255,1709797,CUDSS,PARTH,11,,0,0,8.70075,901,80,25,11,4.16715e-14
Figur_Hase_C,248995,1742953,CUDSS,PARTH,9,,0,0,9.16881,894,79,30,10,4.19653e-14
Figur_Hase_C,248995,1742953,CUDSS,PARTH,11,,0,0,9.13938,989,73,25,10,4.19494e-14
sphere5_0p5M,249534,1746726,CUDSS,PARTH,9,,0,0,9.93064,925,81,31,12,4.07359e-14
sphere5_0p5M,249534,1746726,CUDSS,PARTH,11,,0,0,9.8791,942,77,26,12,4.06533e-14
Marx_Grab03_C,252147,1765017,CUDSS,PARTH,9,,0,0,8.82734,905,73,24,10,4.21664e-14
Marx_Grab03_C,252147,1765017,CUDSS,PARTH,11,,0,0,8.77736,915,70,22,10,4.21908e-14
Faun_C,253578,1775202,CUDSS,PARTH,9,,0,0,8.3924,942,64,11,23,4.23936e-14
Faun_C,253578,1775202,CUDSS,PARTH,11,,0,0,8.38943,949,59,7,21,4.2402e-14
Guter_Hirte_CN,258241,1807723,CUDSS,PARTH,9,,0,0,8.30991,996,64,11,21,4.25737e-14
Guter_Hirte_CN,258241,1807723,CUDSS,PARTH,11,,0,0,8.33858,974,59,6,21,4.2623e-14
Brunnen_C,262023,1833119,CUDSS,PARTH,9,,0,0,8.01744,952,75,23,10,4.29352e-14
Brunnen_C,262023,1833119,CUDSS,PARTH,11,,0,0,8.03588,962,69,20,10,4.28849e-14
egg-carton-from-muslim-farms-master-geometry,262138,1835002,CUDSS,PARTH,9,,0,0,9.93211,979,78,28,11,nan
egg-carton-from-muslim-farms-master-geometry,262138,1835002,CUDSS,PARTH,11,,0,0,9.99343,1019,78,27,12,nan
Marx_Albrechtsberger_C,263082,1841598,CUDSS,PARTH,9,,0,0,8.84796,948,72,23,11,4.31992e-14
Marx_Albrechtsberger_C,263082,1841598,CUDSS,PARTH,11,,0,0,8.88978,986,74,21,11,4.31771e-14
Baeren_C,263345,1843403,CUDSS,PARTH,9,,0,0,9.84752,963,79,28,12,4.30701e-14
Baeren_C,263345,1843403,CUDSS,PARTH,11,,0,0,9.80923,1110,74,26,13,4.31142e-14
Engel_C,264483,1851477,CUDSS,PARTH,9,,0,0,8.75855,965,74,26,10,4.32841e-14
Engel_C,264483,1851477,CUDSS,PARTH,11,,0,0,8.70374,1019,70,23,10,4.33062e-14
Die_Lesende_C,264532,1851712,CUDSS,PARTH,9,,0,0,8.94365,942,72,24,10,4.31436e-14
Die_Lesende_C,264532,1851712,CUDSS,PARTH,11,,0,0,9.06473,1017,71,22,10,4.31345e-14
Muellergruppe_C,271249,1898887,CUDSS,PARTH,9,,0,0,8.71872,986,75,22,10,4.37636e-14
Muellergruppe_C,271249,1898887,CUDSS,PARTH,11,,0,0,8.77849,1065,73,23,10,4.37503e-14
AufspringendesPferd_C,272922,1910478,CUDSS,PARTH,9,,0,0,8.87111,965,75,24,11,4.39514e-14
AufspringendesPferd_C,272922,1910478,CUDSS,PARTH,11,,0,0,8.86301,1000,74,22,11,4.39432e-14
Adolf_Schaerf_C,280600,1964166,CUDSS,PARTH,9,,0,0,9.218,1056,75,27,11,4.4518e-14
Adolf_Schaerf_C,280600,1964166,CUDSS,PARTH,11,,0,0,9.13437,1037,76,24,11,4.44618e-14
Brigitta_C,286418,2004914,CUDSS,PARTH,9,,0,0,9.48314,1030,81,27,12,4.49695e-14
Brigitta_C,286418,2004914,CUDSS,PARTH,11,,0,0,9.54194,1062,79,25,11,4.50322e-14
Alexander_Olympias_CN,292158,2045126,CUDSS,PARTH,9,,0,0,8.69727,1080,80,23,11,4.53565e-14
Alexander_Olympias_CN,292158,2045126,CUDSS,PARTH,11,,0,0,8.76088,1129,85,23,11,4.53845e-14
Apollon_Daphne_C,294058,2058908,CUDSS,PARTH,9,,0,0,8.14805,1174,79,24,11,nan
Apollon_Daphne_C,294058,2058908,CUDSS,PARTH,11,,0,0,8.10076,1084,76,20,11,nan
Tennyson_Bust_Plaster,294944,2064592,CUDSS,PARTH,9,,0,0,8.16954,1063,68,6,24,4.53921e-14
Tennyson_Bust_Plaster,294944,2064592,CUDSS,PARTH,11,,0,0,8.14874,1231,66,9,23,4.54054e-14
Aloisus_C,302919,2120469,CUDSS,PARTH,9,,0,0,8.78637,1101,81,26,11,4.62764e-14
Aloisus_C,302919,2120469,CUDSS,PARTH,11,,0,0,8.75976,1154,76,23,11,4.62483e-14
Nursia_C,302971,2120797,CUDSS,PARTH,9,,0,0,8.81942,1155,83,27,13,4.63202e-14
Nursia_C,302971,2120797,CUDSS,PARTH,11,,0,0,8.84577,1197,77,25,12,4.62704e-14
Faun_C_1,304509,2131611,CUDSS,PARTH,9,,0,0,8.37195,1078,71,7,23,4.65412e-14
Faun_C_1,304509,2131611,CUDSS,PARTH,11,,0,0,8.35264,1108,66,7,21,4.64413e-14
Mach_C,305241,2136675,CUDSS,PARTH,9,,0,0,9.3258,1120,84,28,12,4.64783e-14
Mach_C,305241,2136675,CUDSS,PARTH,11,,0,0,9.31042,1140,83,24,12,4.64404e-14
Sphere8,393218,2752514,CUDSS,PARTH,9,,0,0,15.4589,1412,110,50,16,5.30756e-14
Sphere8,393218,2752514,CUDSS,PARTH,11,,0,0,15.4645,1463,120,48,16,5.30453e-14
BrainMid,396451,2775145,CUDSS,PARTH,9,,0,0,13.1541,1456,114,48,15,5.36052e-14
BrainMid,396451,2775145,CUDSS,PARTH,11,,0,0,13.2322,1532,113,46,15,5.35752e-14
Fiddler_Crab_manifold,455246,3186664,CUDSS,PARTH,9,,0,0,7.77174,1768,93,7,30,5.67277e-14
Fiddler_Crab_manifold,455246,3186664,CUDSS,PARTH,11,,0,0,7.77118,1834,87,9,27,5.66734e-14
Fiddler_Crab,455246,3186668,CUDSS,PARTH,9,,0,0,7.80335,1720,94,8,29,5.66842e-14
Fiddler_Crab,455246,3186668,CUDSS,PARTH,11,,0,0,7.77119,1918,91,22,26,5.66906e-14
Le_Transi_De_Rene_De_Chalon,494980,3465540,CUDSS,PARTH,9,,0,0,9.40278,2022,127,42,15,5.89774e-14
Le_Transi_De_Rene_De_Chalon,494980,3465540,CUDSS,PARTH,11,,0,0,9.39031,2053,121,39,12,5.90282e-14
elephant_zun-36_6_a_b-joined,516176,3605590,CUDSS,PARTH,9,,0,0,9.04213,1956,126,38,15,5.98935e-14
elephant_zun-36_6_a_b-joined,516176,3605590,CUDSS,PARTH,11,,0,0,9.01852,1842,111,31,14,5.99112e-14
swirling_base,519010,3633058,CUDSS,PARTH,9,,0,0,8.92167,1829,111,32,15,6.09619e-14
swirling_base,519010,3633058,CUDSS,PARTH,11,,0,0,8.86557,1844,116,36,16,6.09585e-14
week01,540639,3784601,CUDSS,PARTH,9,,0,0,12.7382,1949,126,55,18,6.17228e-14
week01,540639,3784601,CUDSS,PARTH,11,,0,0,12.8755,1970,135,58,19,6.17289e-14
root_planter_box_v4_solid_high-definition,559855,3919015,CUDSS,PARTH,9,,0,0,12.9179,2093,115,7,50,6.31733e-14
root_planter_box_v4_solid_high-definition,559855,3919015,CUDSS,PARTH,11,,0,0,12.9116,2030,111,7,41,6.31307e-14
20131013_Venus2,587827,4114761,CUDSS,PARTH,9,,0,0,8.71662,2249,140,43,15,6.43435e-14
20131013_Venus2,587827,4114761,CUDSS,PARTH,11,,0,0,8.74436,2230,119,35,14,6.43392e-14
vlamp,597380,4182236,CUDSS,PARTH,9,,0,0,5.31,2258,107,10,28,6.48679e-14
vlamp,597380,4182236,CUDSS,PARTH,11,,0,0,5.31594,2331,95,11,26,6.48711e-14
romanesco,637284,4449010,CUDSS,PARTH,9,,0,0,10.7368,2359,143,46,15,6.77707e-14
romanesco,637284,4449010,CUDSS,PARTH,11,,0,0,10.684,2401,144,47,16,6.77623e-14
1005586,906907,6396945,CUDSS,PARTH,9,,0,0,10.3633,4000,205,65,21,8.02828e-14
1005586,906907,6396945,CUDSS,PARTH,11,,0,0,10.3012,4000,189,64,22,8.02498e-14
Nefertiti_open,948264,6635264,CUDSS,PARTH,9,,0,0,9.58311,3798,195,77,32,8.14814e-14
Nefertiti_open,948264,6635264,CUDSS,PARTH,11,,0,0,9.6084,3674,189,78,33,8.15042e-14
cloth10x10,952741,6661303,CUDSS,PARTH,9,,0,0,9.30396,3715,209,65,21,nan
cloth10x10,952741,6661303,CUDSS,PARTH,11,,0,0,9.30167,3623,189,62,18,nan
372112,979353,6855459,CUDSS,PARTH,9,,0,0,9.20732,3791,217,59,17,8.30139e-14
372112,979353,6855459,CUDSS,PARTH,11,,0,0,9.21334,3894,211,60,21,8.30494e-14
376252,980051,6860357,CUDSS,PARTH,9,,0,0,10.4929,3840,216,64,17,8.36381e-14
376252,980051,6860357,CUDSS,PARTH,11,,0,0,10.505,3855,218,66,20,8.36362e-14
Nefertiti,1009118,7063814,CUDSS,PARTH,9,,0,0,9.74709,3983,221,69,23,8.39909e-14
Nefertiti,1009118,7063814,CUDSS,PARTH,11,,0,0,9.75114,3908,207,64,19,8.39881e-14
Blue_Sea_Star,1120415,7842773,CUDSS,PARTH,9,,0,0,8.67209,4602,204,10,70,8.87754e-14
Blue_Sea_Star,1120415,7842773,CUDSS,PARTH,11,,0,0,8.64945,4682,189,9,62,8.87423e-14
488FancyRoller,1138346,7963504,CUDSS,PARTH,9,,0,0,10.4236,4376,232,71,20,8.93818e-14
488FancyRoller,1138346,7963504,CUDSS,PARTH,11,,0,0,10.4863,4489,224,66,20,8.93926e-14
sphere5_1M,1171598,8201174,CUDSS,PARTH,9,,0,0,13.1987,4993,269,110,58,8.95187e-14
sphere5_1M,1171598,8201174,CUDSS,PARTH,11,,0,0,13.274,4434,260,103,58,8.94941e-14
Goethe_Lifemask,1173249,8208477,CUDSS,PARTH,9,,0,0,10.0912,4901,259,91,40,9.09505e-14
Goethe_Lifemask,1173249,8208477,CUDSS,PARTH,11,,0,0,10.0309,4771,247,87,47,9.09281e-14
Xenophora,1177334,8241304,CUDSS,PARTH,9,,0,0,8.96243,4861,258,72,25,9.10622e-14
Xenophora,1177334,8241304,CUDSS,PARTH,11,,0,0,8.91624,4960,232,65,25,9.10179e-14
Dragon_2,1189200,8324424,CUDSS,PARTH,9,,0,0,8.40252,4843,250,62,18,9.11319e-14
Dragon_2,1189200,8324424,CUDSS,PARTH,11,,0,0,8.38244,4911,225,58,18,9.11701e-14
226633,1225855,8580985,CUDSS,PARTH,9,,0,0,17.3279,4781,313,146,96,9.38659e-14
226633,1225855,8580985,CUDSS,PARTH,11,,0,0,17.3372,4582,310,126,90,9.39e-14
Horse_Head,1250389,8750579,CUDSS,PARTH,9,,0,0,9.90015,5365,283,93,38,9.34756e-14
Horse_Head,1250389,8750579,CUDSS,PARTH,11,,0,0,9.92558,5595,273,94,38,9.34595e-14
Lucy_3M_O10,1264847,8853905,CUDSS,PARTH,9,,0,0,10.6342,5124,289,105,47,9.36883e-14
Lucy_3M_O10,1264847,8853905,CUDSS,PARTH,11,,0,0,10.6355,5254,255,91,60,9.37215e-14
120628,1264847,8853905,CUDSS,PARTH,9,,0,0,10.7542,5024,290,97,74,9.37034e-14
120628,1264847,8853905,CUDSS,PARTH,11,,0,0,10.6291,5072,272,91,60,9.37125e-14
994785,1270940,8896568,CUDSS,PARTH,9,,0,0,10.743,4793,275,85,23,9.50181e-14
994785,1270940,8896568,CUDSS,PARTH,11,,0,0,10.7282,4998,259,79,24,9.49934e-14
994786,1279849,8958943,CUDSS,PARTH,9,,0,0,10.7363,4983,271,86,21,9.53661e-14
994786,1279849,8958943,CUDSS,PARTH,11,,0,0,10.7762,5014,258,82,22,9.53687e-14
103354,1347290,9489650,CUDSS,PARTH,9,,0,0,8.43843,5443,295,93,37,9.67036e-14
103354,1347290,9489650,CUDSS,PARTH,11,,0,0,8.41845,5609,246,72,21,9.6708e-14
Sphinx_1,1397519,9782671,CUDSS,PARTH,9,,0,0,11.3245,5675,315,128,43,9.98045e-14
Sphinx_1,1397519,9782671,CUDSS,PARTH,11,,0,0,11.3051,5499,267,99,44,9.98129e-14
out,1406021,9842135,CUDSS,PARTH,9,,0,0,13.6501,6074,347,116,79,1.00718e-13
out,1406021,9842135,CUDSS,PARTH,11,,0,0,13.6516,6137,319,98,84,1.00672e-13
Thorne,1478051,10346403,CUDSS,PARTH,9,,0,0,10.4893,6692,326,106,39,1.0239e-13
Thorne,1478051,10346403,CUDSS,PARTH,11,,0,0,10.5215,6732,320,99,40,1.02399e-13
20131208_VenusDeMilo_Full_Scale_captured_by_Cosmo_Wenman,1577057,11039387,CUDSS,PARTH,9,,0,0,9.41529,6347,342,103,51,1.05504e-13
20131208_VenusDeMilo_Full_Scale_captured_by_Cosmo_Wenman,1577057,11039387,CUDSS,PARTH,11,,0,0,9.46916,6443,327,95,49,1.05528e-13
372114,1577057,11039387,CUDSS,PARTH,9,,0,0,9.3285,6577,371,99,26,1.05606e-13
372114,1577057,11039387,CUDSS,PARTH,11,,0,0,9.41687,6474,298,88,47,1.05631e-13
uploads_b1_e4_b1_2a_5c_20131208+VenusDeMilo+Full+Scale+captured+by+Cosmo+Wenman,1577057,11039387,CUDSS,PARTH,9,,0,0,9.41472,6397,325,102,41,1.05456e-13
uploads_b1_e4_b1_2a_5c_20131208+VenusDeMilo+Full+Scale+captured+by+Cosmo+Wenman,1577057,11039387,CUDSS,PARTH,11,,0,0,9.46251,6416,307,95,47,1.0546e-13
Poetsche_Photoskultur_Goethe,1592141,11145023,CUDSS,PARTH,9,,0,0,11.8337,6455,357,150,49,1.05978e-13
Poetsche_Photoskultur_Goethe,1592141,11145023,CUDSS,PARTH,11,,0,0,11.7503,6351,334,109,87,1.05943e-13
Bootleg_Eve,1648092,11536650,CUDSS,PARTH,9,,0,0,8.92043,7296,368,103,59,1.07048e-13
Bootleg_Eve,1648092,11536650,CUDSS,PARTH,11,,0,0,8.99969,7142,333,92,58,1.07012e-13
Lucius_Quinctius_Cincinnatus,1683007,11781157,CUDSS,PARTH,9,,0,0,10.3893,7637,341,115,46,1.09203e-13
Lucius_Quinctius_Cincinnatus,1683007,11781157,CUDSS,PARTH,11,,0,0,10.3999,7323,335,110,48,1.09216e-13
Willy_Selke_Tondo,1696572,11876360,CUDSS,PARTH,9,,0,0,8.60519,7216,349,109,49,1.07786e-13
Willy_Selke_Tondo,1696572,11876360,CUDSS,PARTH,11,,0,0,8.59258,6719,327,98,48,1.07759e-13
Francois_Willeme_Selbsbildnis_LOW_170mb,1740098,12180890,CUDSS,PARTH,9,,0,0,10.3766,7148,371,121,68,1.10712e-13
Francois_Willeme_Selbsbildnis_LOW_170mb,1740098,12180890,CUDSS,PARTH,11,,0,0,10.315,7047,340,110,65,1.10703e-13
Horned_Sea_Star,1749060,12243426,CUDSS,PARTH,9,,0,0,9.79005,7236,391,113,50,1.10111e-13
Horned_Sea_Star,1749060,12243426,CUDSS,PARTH,11,,0,0,9.7472,7180,322,105,48,1.10104e-13
Beethoven,1749976,12249958,CUDSS,PARTH,9,,0,0,9.9082,7826,392,103,52,1.11323e-13
Beethoven,1749976,12249958,CUDSS,PARTH,11,,0,0,9.94022,7535,349,98,45,1.11356e-13
Murex_Romosus,1759781,12318455,CUDSS,PARTH,9,,0,0,12.016,7419,417,138,72,1.12071e-13
Murex_Romosus,1759781,12318455,CUDSS,PARTH,11,,0,0,12.0618,7356,366,119,86,1.12027e-13
bunnyhead,1550,10648,CUDSS,PATCH_ORDERING,6,rxmesh,128,3.53587,6.80785,22,14,12,3,3.41764e-15
bunnyhead,1550,10648,CUDSS,PATCH_ORDERING,6,rxmesh,128,4.68547,6.28343,37,14,11,3,3.37993e-15
bunnyhead,1550,10648,CUDSS,PATCH_ORDERING,5,metis_kway,128,28.8796,5.74437,18,14,12,5,3.39898e-15
bunnyhead,1550,10648,CUDSS,PATCH_ORDERING,5,metis_kway,128,8.59362,5.39294,14,14,11,3,3.37905e-15
squircle,2020,14094,CUDSS,PATCH_ORDERING,6,rxmesh,128,3.30752,8.01859,24,15,17,4,3.90575e-15
squircle,2020,14094,CUDSS,PATCH_ORDERING,6,rxmesh,128,4.4841,7.5845,9,15,11,3,3.8476e-15
squircle,2020,14094,CUDSS,PATCH_ORDERING,6,metis_kway,128,24.2003,7.52349,18,15,11,3,3.85416e-15
squircle,2020,14094,CUDSS,PATCH_ORDERING,6,metis_kway,128,11.7286,7.43068,10,15,11,3,3.89034e-15
plane_subdiv,2209,15169,CUDSS,PATCH_ORDERING,6,rxmesh,128,6.42858,3.88008,27,15,12,3,3.70776e-15
plane_subdiv,2209,15169,CUDSS,PATCH_ORDERING,6,rxmesh,128,4.0191,4.65957,20,15,12,3,3.70969e-15
plane_subdiv,2209,15169,CUDSS,PATCH_ORDERING,6,metis_kway,128,18.7824,4.2958,21,15,13,5,3.66155e-15
plane_subdiv,2209,15169,CUDSS,PATCH_ORDERING,6,metis_kway,128,10.1578,4.04503,19,15,12,3,3.68377e-15
triceratops,2832,19812,CUDSS,PATCH_ORDERING,7,rxmesh,128,5.0473,6.16313,12,17,11,3,4.41901e-15
triceratops,2832,19812,CUDSS,PATCH_ORDERING,7,rxmesh,128,3.57069,6.49919,16,16,11,3,4.3819e-15
triceratops,2832,19812,CUDSS,PATCH_ORDERING,6,metis_kway,128,16.6284,5.28367,7,16,12,3,4.44648e-15
triceratops,2832,19812,CUDSS,PATCH_ORDERING,6,metis_kway,128,16.7958,5.54613,17,15,11,5,4.42585e-15
cloth_uni_loop,3430,23540,CUDSS,PATCH_ORDERING,7,rxmesh,128,3.65875,6.53441,17,16,11,3,4.91243e-15
cloth_uni_loop,3430,23540,CUDSS,PATCH_ORDERING,7,rxmesh,128,4.3057,6.3938,15,16,14,5,4.92262e-15
cloth_uni_loop,3430,23540,CUDSS,PATCH_ORDERING,6,metis_kway,128,19.116,6.21895,40,15,15,4,4.84831e-15
cloth_uni_loop,3430,23540,CUDSS,PATCH_ORDERING,6,metis_kway,128,19.1819,6.31215,22,15,13,4,4.87936e-15
torus,4608,32256,CUDSS,PATCH_ORDERING,7,rxmesh,128,3.0544,8.96391,31,16,12,4,5.5961e-15
torus,4608,32256,CUDSS,PATCH_ORDERING,7,rxmesh,128,2.2487,8.59201,41,16,12,5,5.58848e-15
torus,4608,32256,CUDSS,PATCH_ORDERING,7,metis_kway,128,28.4927,7.91443,21,17,11,4,5.56283e-15
torus,4608,32256,CUDSS,PATCH_ORDERING,7,metis_kway,128,36.0799,7.57242,16,16,12,4,5.62746e-15
sphere5,6146,43010,CUDSS,PATCH_ORDERING,8,rxmesh,128,3.65747,11.162,34,17,14,4,6.58726e-15
sphere5,6146,43010,CUDSS,PATCH_ORDERING,8,rxmesh,128,3.30144,10.3327,35,17,12,4,6.61825e-15
sphere5,6146,43010,CUDSS,PATCH_ORDERING,7,metis_kway,128,59.9131,11.071,41,17,15,5,6.58961e-15
sphere5,6146,43010,CUDSS,PATCH_ORDERING,7,metis_kway,128,39.079,10.9519,26,17,11,4,6.54478e-15
upsample_box,6146,43010,CUDSS,PATCH_ORDERING,8,rxmesh,128,4.03277,10.7654,37,16,14,4,6.38137e-15
upsample_box,6146,43010,CUDSS,PATCH_ORDERING,8,rxmesh,128,3.36259,11.1266,52,17,11,5,6.4219e-15
upsample_box,6146,43010,CUDSS,PATCH_ORDERING,7,metis_kway,128,39.1979,11.5977,33,17,12,5,6.37056e-15
upsample_box,6146,43010,CUDSS,PATCH_ORDERING,7,metis_kway,128,39.305,11.0755,21,18,12,6,6.40957e-15
Nicolo_da_Uzzano,6471,44963,CUDSS,PATCH_ORDERING,8,rxmesh,128,4.28339,7.95559,38,17,12,4,6.8713e-15
Nicolo_da_Uzzano,6471,44963,CUDSS,PATCH_ORDERING,8,rxmesh,128,4.17283,7.63012,36,17,11,4,6.84893e-15
Nicolo_da_Uzzano,6471,44963,CUDSS,PATCH_ORDERING,7,metis_kway,128,39.4745,7.26288,23,16,11,4,6.85067e-15
Nicolo_da_Uzzano,6471,44963,CUDSS,PATCH_ORDERING,7,metis_kway,128,39.4792,7.26457,34,16,11,4,6.79712e-15
Fennec_Fox,6563,45929,CUDSS,PATCH_ORDERING,8,rxmesh,128,3.50925,7.78804,52,17,11,4,6.75833e-15
Fennec_Fox,6563,45929,CUDSS,PATCH_ORDERING,8,rxmesh,128,3.26662,8.54539,45,17,12,4,6.85886e-15
Fennec_Fox,6563,45929,CUDSS,PATCH_ORDERING,7,metis_kway,128,42.8811,7.93706,22,18,11,4,6.78697e-15
Fennec_Fox,6563,45929,CUDSS,PATCH_ORDERING,7,metis_kway,128,42.6531,7.98448,21,18,14,8,6.79752e-15
squirrel,8800,61588,CUDSS,PATCH_ORDERING,8,rxmesh,128,3.76934,8.45031,45,18,11,4,7.81304e-15
squirrel,8800,61588,CUDSS,PATCH_ORDERING,8,rxmesh,128,3.7929,8.1913,45,18,18,6,7.91003e-15
squirrel,8800,61588,CUDSS,PATCH_ORDERING,8,metis_kway,128,55.7649,8.00727,35,18,16,6,7.84357e-15
squirrel,8800,61588,CUDSS,PATCH_ORDERING,8,metis_kway,128,78.9217,8.25641,36,18,12,4,7.85551e-15
dragon,10000,70000,CUDSS,PATCH_ORDERING,8,rxmesh,128,3.51027,7.60311,55,18,11,4,8.34188e-15
dragon,10000,70000,CUDSS,PATCH_ORDERING,8,rxmesh,128,4.28934,7.51603,46,18,10,4,8.34971e-15
dragon,10000,70000,CUDSS,PATCH_ORDERING,8,metis_kway,128,66.6222,7.0128,47,18,14,7,8.42072e-15
dragon,10000,70000,CUDSS,PATCH_ORDERING,8,metis_kway,128,99.9547,7.19966,46,18,11,5,8.40305e-15
rocker-arm,10044,70308,CUDSS,PATCH_ORDERING,8,rxmesh,128,3.51024,7.71437,45,18,17,5,8.4005e-15
rocker-arm,10044,70308,CUDSS,PATCH_ORDERING,8,rxmesh,128,3.69459,7.78981,46,18,12,4,8.45179e-15
rocker-arm,10044,70308,CUDSS,PATCH_ORDERING,8,metis_kway,128,65.3604,7.24982,36,18,16,5,8.43215e-15
rocker-arm,10044,70308,CUDSS,PATCH_ORDERING,8,metis_kway,128,107.106,7.44208,40,19,11,5,8.3663e-15
complex_tube,10841,76031,CUDSS,PATCH_ORDERING,8,rxmesh,128,3.5287,9.70647,51,19,16,5,8.62085e-15
complex_tube,10841,76031,CUDSS,PATCH_ORDERING,8,rxmesh,128,3.4263,9.35059,60,19,12,5,8.62882e-15
complex_tube,10841,76031,CUDSS,PATCH_ORDERING,8,metis_kway,128,73.3479,10.3795,39,19,12,6,8.66124e-15
complex_tube,10841,76031,CUDSS,PATCH_ORDERING,8,metis_kway,128,73.3712,9.05427,46,19,15,5,8.59508e-15
armadillo,13035,91233,CUDSS,PATCH_ORDERING,9,rxmesh,128,3.95469,7.8087,73,19,12,4,9.51146e-15
armadillo,13035,91233,CUDSS,PATCH_ORDERING,9,rxmesh,128,3.59322,7.93394,65,19,11,5,9.4988e-15
armadillo,13035,91233,CUDSS,PATCH_ORDERING,8,metis_kway,128,88.6257,7.53053,63,18,11,5,9.49305e-15
armadillo,13035,91233,CUDSS,PATCH_ORDERING,8,metis_kway,128,86.6383,7.57506,48,18,12,5,9.56852e-15
ear2,13496,94448,CUDSS,PATCH_ORDERING,9,rxmesh,128,4.8384,8.9028,67,20,11,4,9.80643e-15
ear2,13496,94448,CUDSS,PATCH_ORDERING,9,rxmesh,128,3.77549,9.0695,65,20,17,5,9.79574e-15
ear2,13496,94448,CUDSS,PATCH_ORDERING,8,metis_kway,128,88.3518,8.78007,51,19,16,5,9.79271e-15
ear2,13496,94448,CUDSS,PATCH_ORDERING,8,metis_kway,128,87.1204,8.57956,50,19,14,6,9.8204e-15
cloth_loop3,14320,99322,CUDSS,PATCH_ORDERING,9,rxmesh,128,4.89062,8.15461,66,20,12,5,9.97262e-15
cloth_loop3,14320,99322,CUDSS,PATCH_ORDERING,9,rxmesh,128,3.79085,8.11154,72,20,11,5,9.99209e-15
cloth_loop3,14320,99322,CUDSS,PATCH_ORDERING,8,metis_kway,128,94.1168,7.58321,40,19,12,5,9.90558e-15
cloth_loop3,14320,99322,CUDSS,PATCH_ORDERING,8,metis_kway,128,93.5219,7.75542,48,20,11,5,9.90738e-15
Land,14738,103154,CUDSS,PATCH_ORDERING,9,rxmesh,128,7.37382,6.61944,73,20,11,4,1.01339e-14
Land,14738,103154,CUDSS,PATCH_ORDERING,9,rxmesh,128,5.8624,6.79555,63,20,11,5,1.00752e-14
Land,14738,103154,CUDSS,PATCH_ORDERING,8,metis_kway,128,95.9491,6.55341,48,19,13,7,1.00942e-14
Land,14738,103154,CUDSS,PATCH_ORDERING,8,metis_kway,128,96.8842,6.40357,59,20,11,5,1.00306e-14
davidhead,14964,104736,CUDSS,PATCH_ORDERING,9,rxmesh,128,3.90128,10.0757,66,21,12,5,1.03908e-14
davidhead,14964,104736,CUDSS,PATCH_ORDERING,9,rxmesh,128,6.55974,9.9849,69,20,11,6,1.03759e-14
davidhead,14964,104736,CUDSS,PATCH_ORDERING,8,metis_kway,128,102.294,9.60491,48,20,11,6,1.03292e-14
davidhead,14964,104736,CUDSS,PATCH_ORDERING,8,metis_kway,128,106.235,9.75449,47,21,17,6,1.03484e-14
beetle,19887,136991,CUDSS,PATCH_ORDERING,9,rxmesh,128,7.37792,7.88013,68,21,12,5,1.19973e-14
beetle,19887,136991,CUDSS,PATCH_ORDERING,9,rxmesh,128,7.50899,8.20497,69,22,11,5,1.19778e-14
beetle,19887,136991,CUDSS,PATCH_ORDERING,9,metis_kway,128,129.928,7.75399,72,20,11,5,1.20354e-14
beetle,19887,136991,CUDSS,PATCH_ORDERING,9,metis_kway,128,128.986,7.92006,69,21,15,5,1.2044e-14
bumpy-cube,19970,139778,CUDSS,PATCH_ORDERING,9,rxmesh,128,4.81382,11.4622,81,23,11,6,1.20426e-14
bumpy-cube,19970,139778,CUDSS,PATCH_ORDERING,9,rxmesh,128,5.65578,11.1841,72,22,14,6,1.20603e-14
bumpy-cube,19970,139778,CUDSS,PATCH_ORDERING,9,metis_kway,128,141.108,10.9526,81,22,11,6,1.2084e-14
bumpy-cube,19970,139778,CUDSS,PATCH_ORDERING,9,metis_kway,128,142.458,11.1446,69,22,11,7,1.21229e-14
sphere6,24578,172034,CUDSS,PATCH_ORDERING,9,rxmesh,128,3.85146,12.8523,76,25,11,8,1.33262e-14
sphere6,24578,172034,CUDSS,PATCH_ORDERING,10,rxmesh,128,4.04582,12.6541,118,24,19,11,1.32846e-14
sphere6,24578,172034,CUDSS,PATCH_ORDERING,9,metis_kway,128,175.466,12.7485,81,24,10,8,1.33023e-14
sphere6,24578,172034,CUDSS,PATCH_ORDERING,9,metis_kway,128,175.285,13.0411,73,25,12,8,1.32675e-14
gargoyle,29921,209435,CUDSS,PATCH_ORDERING,9,rxmesh,128,5.46406,9.73375,96,26,11,7,1.47419e-14
gargoyle,29921,209435,CUDSS,PATCH_ORDERING,10,rxmesh,128,5.75181,9.78117,121,26,13,7,1.47762e-14
gargoyle,29921,209435,CUDSS,PATCH_ORDERING,9,metis_kway,128,207.772,9.55285,79,25,14,12,1.4779e-14
gargoyle,29921,209435,CUDSS,PATCH_ORDERING,9,metis_kway,128,207.477,9.52564,78,25,11,7,1.47254e-14
191118_mia337_081675_64Kmesh_MMrepaired,31771,223621,CUDSS,PATCH_ORDERING,9,rxmesh,128,5.91155,9.28637,93,26,12,7,1.5003e-14
191118_mia337_081675_64Kmesh_MMrepaired,31771,223621,CUDSS,PATCH_ORDERING,10,rxmesh,128,8.89949,9.2253,128,27,13,7,1.50323e-14
191118_mia337_081675_64Kmesh_MMrepaired,31771,223621,CUDSS,PATCH_ORDERING,9,metis_kway,128,268.358,8.56471,97,25,11,7,1.5004e-14
191118_mia337_081675_64Kmesh_MMrepaired,31771,223621,CUDSS,PATCH_ORDERING,9,metis_kway,128,223.499,8.85064,83,26,13,7,1.50001e-14
Mia_000887_ShakyamuniBuddha,32008,224008,CUDSS,PATCH_ORDERING,9,rxmesh,128,5.53267,9.47556,108,27,11,8,1.4999e-14
Mia_000887_ShakyamuniBuddha,32008,224008,CUDSS,PATCH_ORDERING,10,rxmesh,128,5.98323,9.76756,121,27,14,10,1.49753e-14
Mia_000887_ShakyamuniBuddha,32008,224008,CUDSS,PATCH_ORDERING,9,metis_kway,128,223.854,9.24061,86,26,26,9,1.50433e-14
Mia_000887_ShakyamuniBuddha,32008,224008,CUDSS,PATCH_ORDERING,9,metis_kway,128,240.631,9.28788,92,25,12,8,1.50195e-14
Mia_001135_Zun_64K_OBJ,31996,223996,CUDSS,PATCH_ORDERING,9,rxmesh,128,7.6503,8.84664,91,26,11,7,1.51957e-14
Mia_001135_Zun_64K_OBJ,31996,223996,CUDSS,PATCH_ORDERING,10,rxmesh,128,3.87891,9.04624,121,27,11,7,1.51784e-14
Mia_001135_Zun_64K_OBJ,31996,223996,CUDSS,PATCH_ORDERING,9,metis_kway,128,223.657,8.59575,81,25,15,7,1.51877e-14
Mia_001135_Zun_64K_OBJ,31996,223996,CUDSS,PATCH_ORDERING,9,metis_kway,128,233.317,8.70053,87,25,11,7,1.51984e-14
chinese_dragon,65599,459181,CUDSS,PATCH_ORDERING,9,rxmesh,128,14.6473,7.31185,118,31,11,9,2.14767e-14
chinese_dragon,65599,459181,CUDSS,PATCH_ORDERING,11,rxmesh,128,10.4397,7.72671,256,37,12,9,2.14004e-14
chinese_dragon,65599,459181,CUDSS,PATCH_ORDERING,9,metis_kway,128,477.462,7.15201,123,30,11,10,2.14683e-14
chinese_dragon,65599,459181,CUDSS,PATCH_ORDERING,11,metis_kway,128,477.252,7.55485,232,34,27,16,2.13822e-14
loop,173440,1214560,CUDSS,PATCH_ORDERING,9,rxmesh,512,8.51866,13.8411,176,66,20,8,3.50791e-14
loop,173440,1214560,CUDSS,PATCH_ORDERING,11,rxmesh,128,30.1957,13.4515,390,64,13,20,3.51425e-14
loop,173440,1214560,CUDSS,PATCH_ORDERING,9,metis_kway,512,454.923,13.4881,175,62,21,7,3.5051e-14
loop,173440,1214560,CUDSS,PATCH_ORDERING,11,metis_kway,128,1518.89,13.3943,373,64,19,9,3.51469e-14
Jahn_C,181309,1269151,CUDSS,PATCH_ORDERING,9,rxmesh,512,13.488,9.79376,161,61,17,9,3.57043e-14
Jahn_C,181309,1269151,CUDSS,PATCH_ORDERING,11,rxmesh,128,18.1678,10.5278,398,67,23,9,3.57112e-14
Jahn_C,181309,1269151,CUDSS,PATCH_ORDERING,9,metis_kway,512,467.552,9.94433,154,62,21,8,3.56765e-14
Jahn_C,181309,1269151,CUDSS,PATCH_ORDERING,11,metis_kway,128,1550.9,10.372,352,63,20,10,3.57062e-14
edgar-allan-poe-1,194632,1362412,CUDSS,PATCH_ORDERING,9,rxmesh,512,9.63174,10.1901,199,64,22,13,3.70422e-14
edgar-allan-poe-1,194632,1362412,CUDSS,PATCH_ORDERING,11,rxmesh,128,28.7148,10.7161,431,69,23,10,3.70629e-14
edgar-allan-poe-1,194632,1362412,CUDSS,PATCH_ORDERING,9,metis_kway,512,549.867,10.1778,199,64,21,8,3.70209e-14
edgar-allan-poe-1,194632,1362412,CUDSS,PATCH_ORDERING,11,metis_kway,128,1756.46,10.6529,393,66,21,9,3.70856e-14
d200k,200926,1402776,CUDSS,PATCH_ORDERING,9,rxmesh,512,16.8161,10.9883,167,66,21,8,3.78738e-14
d200k,200926,1402776,CUDSS,PATCH_ORDERING,11,rxmesh,128,21.7231,11.5205,413,68,24,10,3.78588e-14
d200k,200926,1402776,CUDSS,PATCH_ORDERING,9,metis_kway,512,519.74,11.2088,155,67,22,9,3.78592e-14
d200k,200926,1402776,CUDSS,PATCH_ORDERING,11,metis_kway,128,1751,11.5053,395,69,19,9,3.78332e-14
Hans_Moser_C,203915,1427393,CUDSS,PATCH_ORDERING,9,rxmesh,512,13.3222,10.7162,178,66,21,9,3.80355e-14
Hans_Moser_C,203915,1427393,CUDSS,PATCH_ORDERING,11,rxmesh,128,23.0254,11.147,420,70,26,10,3.80602e-14
Hans_Moser_C,203915,1427393,CUDSS,PATCH_ORDERING,9,metis_kway,512,539.761,10.6566,192,69,26,8,3.8036e-14
Hans_Moser_C,203915,1427393,CUDSS,PATCH_ORDERING,11,metis_kway,128,1833.26,10.9175,422,68,22,10,3.81154e-14
Maenner_Gespraech_C,237402,1661886,CUDSS,PATCH_ORDERING,9,rxmesh,512,16.2243,10.8834,198,74,35,19,4.09111e-14
Maenner_Gespraech_C,237402,1661886,CUDSS,PATCH_ORDERING,11,rxmesh,128,33.3097,11.2022,441,81,29,11,4.09747e-14
Maenner_Gespraech_C,237402,1661886,CUDSS,PATCH_ORDERING,9,metis_kway,512,626.044,11.0387,221,74,25,9,4.09459e-14
Maenner_Gespraech_C,237402,1661886,CUDSS,PATCH_ORDERING,11,metis_kway,128,2078.48,10.9309,449,74,25,11,4.0944e-14
Marx_Mozart_C,241878,1695366,CUDSS,PATCH_ORDERING,9,rxmesh,512,26.2152,8.92105,225,70,20,11,4.13046e-14
Marx_Mozart_C,241878,1695366,CUDSS,PATCH_ORDERING,11,rxmesh,128,90.3155,9.39605,457,79,26,11,4.12642e-14
Marx_Mozart_C,241878,1695366,CUDSS,PATCH_ORDERING,9,metis_kway,512,651.582,9.08612,215,72,21,9,4.12299e-14
Marx_Mozart_C,241878,1695366,CUDSS,PATCH_ORDERING,11,metis_kway,128,2105.02,9.37712,443,78,25,10,4.13406e-14
Marx_Grab01_C,242564,1697948,CUDSS,PATCH_ORDERING,9,rxmesh,512,10.1468,10.7333,223,74,24,11,4.15107e-14
Marx_Grab01_C,242564,1697948,CUDSS,PATCH_ORDERING,11,rxmesh,128,48.7731,11.0334,469,83,28,11,4.15279e-14
Marx_Grab01_C,242564,1697948,CUDSS,PATCH_ORDERING,9,metis_kway,512,650.19,10.7927,230,75,23,11,4.15237e-14
Marx_Grab01_C,242564,1697948,CUDSS,PATCH_ORDERING,11,metis_kway,128,2151.62,10.8852,433,82,28,11,4.15184e-14
Engel_C_1,244255,1709797,CUDSS,PATCH_ORDERING,9,rxmesh,512,15.5893,10.814,214,76,25,12,4.16195e-14
Engel_C_1,244255,1709797,CUDSS,PATCH_ORDERING,11,rxmesh,128,29.0313,10.9528,460,83,29,11,4.16639e-14
Engel_C_1,244255,1709797,CUDSS,PATCH_ORDERING,9,metis_kway,512,659.03,10.8292,213,77,24,10,4.16436e-14
Engel_C_1,244255,1709797,CUDSS,PATCH_ORDERING,11,metis_kway,128,2131.62,10.8275,440,81,30,11,4.16221e-14
Figur_Hase_C,248995,1742953,CUDSS,PATCH_ORDERING,9,rxmesh,512,15.3527,10.8246,224,75,25,11,4.19613e-14
Figur_Hase_C,248995,1742953,CUDSS,PATCH_ORDERING,11,rxmesh,128,33.707,11.4005,469,84,30,11,4.19296e-14
Figur_Hase_C,248995,1742953,CUDSS,PATCH_ORDERING,9,metis_kway,512,664.94,10.8868,232,79,24,9,4.19503e-14
Figur_Hase_C,248995,1742953,CUDSS,PATCH_ORDERING,11,metis_kway,128,2281.6,11.296,451,84,30,11,4.19901e-14
sphere5_0p5M,249534,1746726,CUDSS,PATCH_ORDERING,9,rxmesh,512,11.4761,11.3287,243,81,28,14,4.05941e-14
sphere5_0p5M,249534,1746726,CUDSS,PATCH_ORDERING,11,rxmesh,128,25.4403,11.8743,497,94,34,13,4.07179e-14
sphere5_0p5M,249534,1746726,CUDSS,PATCH_ORDERING,9,metis_kway,512,694.47,11.5312,243,83,28,10,4.05877e-14
sphere5_0p5M,249534,1746726,CUDSS,PATCH_ORDERING,11,metis_kway,128,2265.79,11.8895,473,85,30,13,4.07091e-14
Marx_Grab03_C,252147,1765017,CUDSS,PATCH_ORDERING,9,rxmesh,512,10.9568,10.5898,230,76,24,12,4.21719e-14
Marx_Grab03_C,252147,1765017,CUDSS,PATCH_ORDERING,11,rxmesh,128,57.1719,10.8536,485,85,29,11,4.21369e-14
Marx_Grab03_C,252147,1765017,CUDSS,PATCH_ORDERING,9,metis_kway,512,689.117,10.544,205,76,24,10,4.21174e-14
Marx_Grab03_C,252147,1765017,CUDSS,PATCH_ORDERING,11,metis_kway,128,2242.09,10.9501,447,78,26,11,4.21689e-14
Faun_C,253578,1775202,CUDSS,PATCH_ORDERING,9,rxmesh,512,15.9785,9.96079,221,74,22,11,4.2388e-14
Faun_C,253578,1775202,CUDSS,PATCH_ORDERING,11,rxmesh,128,58.8687,10.2947,492,82,27,10,4.23797e-14
Faun_C,253578,1775202,CUDSS,PATCH_ORDERING,9,metis_kway,512,699.735,9.84318,253,76,22,8,4.23495e-14
Faun_C,253578,1775202,CUDSS,PATCH_ORDERING,11,metis_kway,128,2227.56,10.2985,459,81,28,10,4.23886e-14
Guter_Hirte_CN,258241,1807723,CUDSS,PATCH_ORDERING,9,rxmesh,512,11.5231,10.1231,229,74,24,11,4.25768e-14
Guter_Hirte_CN,258241,1807723,CUDSS,PATCH_ORDERING,11,rxmesh,128,42.9866,10.7968,520,84,30,11,4.25997e-14
Guter_Hirte_CN,258241,1807723,CUDSS,PATCH_ORDERING,9,metis_kway,512,692.829,10.4921,242,77,24,9,4.25621e-14
Guter_Hirte_CN,258241,1807723,CUDSS,PATCH_ORDERING,11,metis_kway,128,2250.11,10.7242,470,78,26,11,4.26181e-14
Brunnen_C,262023,1833119,CUDSS,PATCH_ORDERING,9,rxmesh,512,27.4347,9.54385,227,74,24,10,4.2834e-14
Brunnen_C,262023,1833119,CUDSS,PATCH_ORDERING,11,rxmesh,128,36.1715,10.0329,472,82,27,10,4.29234e-14
Brunnen_C,262023,1833119,CUDSS,PATCH_ORDERING,9,metis_kway,512,701.14,9.57468,219,76,21,9,4.28646e-14
Brunnen_C,262023,1833119,CUDSS,PATCH_ORDERING,11,metis_kway,128,2264.3,9.94756,464,81,27,11,4.2892e-14
egg-carton-from-muslim-farms-master-geometry,262138,1835002,CUDSS,PATCH_ORDERING,9,rxmesh,512,14.4075,11.8442,206,77,25,12,nan
egg-carton-from-muslim-farms-master-geometry,262138,1835002,CUDSS,PATCH_ORDERING,11,rxmesh,128,25.8304,12.085,461,86,32,12,nan
egg-carton-from-muslim-farms-master-geometry,262138,1835002,CUDSS,PATCH_ORDERING,9,metis_kway,512,678.616,12.1322,253,80,35,12,nan
egg-carton-from-muslim-farms-master-geometry,262138,1835002,CUDSS,PATCH_ORDERING,11,metis_kway,128,2274.22,12.1337,457,88,32,12,nan
Marx_Albrechtsberger_C,263082,1841598,CUDSS,PATCH_ORDERING,9,rxmesh,512,16.1946,10.7962,220,78,26,12,4.31452e-14
Marx_Albrechtsberger_C,263082,1841598,CUDSS,PATCH_ORDERING,11,rxmesh,128,41.6809,10.7951,474,81,27,12,4.31618e-14
Marx_Albrechtsberger_C,263082,1841598,CUDSS,PATCH_ORDERING,9,metis_kway,512,720.333,10.7662,244,78,27,9,4.3158e-14
Marx_Albrechtsberger_C,263082,1841598,CUDSS,PATCH_ORDERING,11,metis_kway,128,2338.59,10.9537,443,82,28,12,4.3152e-14
Baeren_C,263345,1843403,CUDSS,PATCH_ORDERING,9,rxmesh,512,12.0648,11.5178,250,82,29,13,4.30323e-14
Baeren_C,263345,1843403,CUDSS,PATCH_ORDERING,11,rxmesh,128,38.057,11.9126,523,89,31,13,4.31037e-14
Baeren_C,263345,1843403,CUDSS,PATCH_ORDERING,9,metis_kway,512,710.181,11.6376,223,83,28,11,4.30658e-14
Baeren_C,263345,1843403,CUDSS,PATCH_ORDERING,11,metis_kway,128,2359.41,11.7881,470,84,30,13,4.30676e-14
Engel_C,264483,1851477,CUDSS,PATCH_ORDERING,9,rxmesh,512,14.726,10.6396,225,78,25,13,4.32623e-14
Engel_C,264483,1851477,CUDSS,PATCH_ORDERING,11,rxmesh,256,22.2607,10.8386,412,86,30,11,4.32483e-14
Engel_C,264483,1851477,CUDSS,PATCH_ORDERING,9,metis_kway,512,712.336,10.8429,230,81,26,10,4.32735e-14
Engel_C,264483,1851477,CUDSS,PATCH_ORDERING,11,metis_kway,256,1287.95,10.7096,425,79,24,10,4.32837e-14
Die_Lesende_C,264532,1851712,CUDSS,PATCH_ORDERING,9,rxmesh,512,16.4667,10.5288,235,80,25,12,4.30589e-14
Die_Lesende_C,264532,1851712,CUDSS,PATCH_ORDERING,11,rxmesh,256,21.1671,11.1221,447,88,32,15,4.30889e-14
Die_Lesende_C,264532,1851712,CUDSS,PATCH_ORDERING,9,metis_kway,512,719.077,10.7528,227,79,26,9,4.30721e-14
Die_Lesende_C,264532,1851712,CUDSS,PATCH_ORDERING,11,metis_kway,256,1287.86,11.0175,426,81,25,10,4.31536e-14
Muellergruppe_C,271249,1898887,CUDSS,PATCH_ORDERING,9,rxmesh,512,15.5214,10.6176,268,78,26,11,4.37328e-14
Muellergruppe_C,271249,1898887,CUDSS,PATCH_ORDERING,11,rxmesh,256,35.1026,10.9589,437,86,31,11,4.37506e-14
Muellergruppe_C,271249,1898887,CUDSS,PATCH_ORDERING,9,metis_kway,512,737.032,10.8812,257,81,26,10,4.37605e-14
Muellergruppe_C,271249,1898887,CUDSS,PATCH_ORDERING,11,metis_kway,256,1338.76,10.9612,414,81,24,10,4.37267e-14
AufspringendesPferd_C,272922,1910478,CUDSS,PATCH_ORDERING,9,rxmesh,512,16.0543,10.6414,243,78,26,11,4.38471e-14
AufspringendesPferd_C,272922,1910478,CUDSS,PATCH_ORDERING,11,rxmesh,256,20.6817,11.0499,457,88,45,12,4.39214e-14
AufspringendesPferd_C,272922,1910478,CUDSS,PATCH_ORDERING,9,metis_kway,512,745.198,10.8492,249,82,27,10,4.38569e-14
AufspringendesPferd_C,272922,1910478,CUDSS,PATCH_ORDERING,11,metis_kway,256,1372.06,10.9716,408,82,25,10,4.38823e-14
Adolf_Schaerf_C,280600,1964166,CUDSS,PATCH_ORDERING,9,rxmesh,512,21.5796,10.8765,238,86,29,12,4.44456e-14
Adolf_Schaerf_C,280600,1964166,CUDSS,PATCH_ORDERING,11,rxmesh,256,21.3661,11.1037,437,89,33,12,4.44782e-14
Adolf_Schaerf_C,280600,1964166,CUDSS,PATCH_ORDERING,9,metis_kway,512,763.505,10.796,228,82,28,9,4.44193e-14
Adolf_Schaerf_C,280600,1964166,CUDSS,PATCH_ORDERING,11,metis_kway,256,1466.92,11.1248,438,84,29,11,4.44732e-14
Brigitta_C,286418,2004914,CUDSS,PATCH_ORDERING,9,rxmesh,512,16.9373,11.0779,251,85,27,13,4.49603e-14
Brigitta_C,286418,2004914,CUDSS,PATCH_ORDERING,11,rxmesh,256,22.6038,11.4646,445,89,41,15,4.50262e-14
Brigitta_C,286418,2004914,CUDSS,PATCH_ORDERING,9,metis_kway,512,786.765,11.3554,240,89,34,10,4.49503e-14
Brigitta_C,286418,2004914,CUDSS,PATCH_ORDERING,11,metis_kway,256,1493.84,11.5372,441,85,29,9,4.4992e-14
Alexander_Olympias_CN,292158,2045126,CUDSS,PATCH_ORDERING,9,rxmesh,512,21.9761,10.6701,249,83,27,13,4.53573e-14
Alexander_Olympias_CN,292158,2045126,CUDSS,PATCH_ORDERING,11,rxmesh,256,33.2173,10.9409,446,91,35,12,4.5371e-14
Alexander_Olympias_CN,292158,2045126,CUDSS,PATCH_ORDERING,9,metis_kway,512,806.801,10.7408,236,87,27,11,4.53534e-14
Alexander_Olympias_CN,292158,2045126,CUDSS,PATCH_ORDERING,11,metis_kway,256,1456.98,10.923,441,85,28,13,4.53931e-14
Apollon_Daphne_C,294058,2058908,CUDSS,PATCH_ORDERING,9,rxmesh,512,23.3441,10.189,238,82,29,12,nan
Apollon_Daphne_C,294058,2058908,CUDSS,PATCH_ORDERING,11,rxmesh,256,38.7799,10.3912,462,90,32,12,nan
Apollon_Daphne_C,294058,2058908,CUDSS,PATCH_ORDERING,9,metis_kway,512,821.699,10.6457,257,86,29,11,nan
Apollon_Daphne_C,294058,2058908,CUDSS,PATCH_ORDERING,11,metis_kway,256,1463.34,10.4161,460,83,27,10,nan
Tennyson_Bust_Plaster,294944,2064592,CUDSS,PATCH_ORDERING,9,rxmesh,512,18.5057,9.85947,281,80,26,12,4.53334e-14
Tennyson_Bust_Plaster,294944,2064592,CUDSS,PATCH_ORDERING,11,rxmesh,256,29.2383,10.1223,469,89,31,11,4.53179e-14
Tennyson_Bust_Plaster,294944,2064592,CUDSS,PATCH_ORDERING,9,metis_kway,512,894.376,9.9484,264,81,25,11,4.53454e-14
Tennyson_Bust_Plaster,294944,2064592,CUDSS,PATCH_ORDERING,11,metis_kway,256,1633.24,10.3035,455,83,26,10,4.54129e-14
Aloisus_C,302919,2120469,CUDSS,PATCH_ORDERING,9,rxmesh,512,23.0737,10.5138,243,85,27,14,4.62966e-14
Aloisus_C,302919,2120469,CUDSS,PATCH_ORDERING,11,rxmesh,256,23.4038,10.8478,456,90,31,13,4.62286e-14
Aloisus_C,302919,2120469,CUDSS,PATCH_ORDERING,9,metis_kway,512,848.153,10.5909,251,84,27,10,4.62495e-14
Aloisus_C,302919,2120469,CUDSS,PATCH_ORDERING,11,metis_kway,256,1544.32,11.1322,452,88,30,11,4.62574e-14
Nursia_C,302971,2120797,CUDSS,PATCH_ORDERING,9,rxmesh,512,25.5785,10.6518,264,86,29,12,4.62497e-14
Nursia_C,302971,2120797,CUDSS,PATCH_ORDERING,11,rxmesh,256,45.8556,11.1688,485,93,33,13,4.62446e-14
Nursia_C,302971,2120797,CUDSS,PATCH_ORDERING,9,metis_kway,512,862.276,10.8857,259,87,28,10,4.62399e-14
Nursia_C,302971,2120797,CUDSS,PATCH_ORDERING,11,metis_kway,256,1548.43,11.0473,432,88,29,12,4.6262e-14
Faun_C_1,304509,2131611,CUDSS,PATCH_ORDERING,9,rxmesh,512,18.0142,9.93863,260,80,32,13,4.64554e-14
Faun_C_1,304509,2131611,CUDSS,PATCH_ORDERING,11,rxmesh,256,26.2162,10.3032,447,86,27,11,4.64859e-14
Faun_C_1,304509,2131611,CUDSS,PATCH_ORDERING,9,metis_kway,512,857.312,10.0928,244,82,25,9,4.64492e-14
Faun_C_1,304509,2131611,CUDSS,PATCH_ORDERING,11,metis_kway,256,1552.8,10.3286,448,83,25,9,4.65188e-14
Mach_C,305241,2136675,CUDSS,PATCH_ORDERING,9,rxmesh,512,13.5485,11.2446,264,88,30,13,4.6393e-14
Mach_C,305241,2136675,CUDSS,PATCH_ORDERING,11,rxmesh,256,31.062,11.3923,500,92,33,12,4.6374e-14
Mach_C,305241,2136675,CUDSS,PATCH_ORDERING,9,metis_kway,512,873.602,11.2183,245,88,31,10,4.63925e-14
Mach_C,305241,2136675,CUDSS,PATCH_ORDERING,11,metis_kway,256,1557.77,11.2427,493,91,35,11,4.63508e-14
Sphere8,393218,2752514,CUDSS,PATCH_ORDERING,9,rxmesh,512,13.5146,17.7774,277,119,51,14,5.27257e-14
Sphere8,393218,2752514,CUDSS,PATCH_ORDERING,11,rxmesh,256,19.127,17.2841,507,135,55,16,5.28316e-14
Sphere8,393218,2752514,CUDSS,PATCH_ORDERING,9,metis_kway,512,1131.55,17.8423,300,119,56,15,5.2709e-14
Sphere8,393218,2752514,CUDSS,PATCH_ORDERING,11,metis_kway,256,2080.94,17.4673,465,124,53,15,5.29213e-14
BrainMid,396451,2775145,CUDSS,PATCH_ORDERING,9,rxmesh,512,14.5449,15.0356,292,115,50,14,5.35615e-14
BrainMid,396451,2775145,CUDSS,PATCH_ORDERING,11,rxmesh,256,29.0055,15.057,520,123,61,29,5.36074e-14
BrainMid,396451,2775145,CUDSS,PATCH_ORDERING,9,metis_kway,512,1196.67,15.3339,323,118,52,15,5.35829e-14
BrainMid,396451,2775145,CUDSS,PATCH_ORDERING,11,metis_kway,256,2138.03,15.3629,511,121,52,24,5.353e-14
Fiddler_Crab_manifold,455246,3186664,CUDSS,PATCH_ORDERING,9,rxmesh,512,23.4679,8.99242,420,93,7,28,5.65782e-14
Fiddler_Crab_manifold,455246,3186664,CUDSS,PATCH_ORDERING,11,rxmesh,256,47.1245,9.34897,688,101,12,32,5.66294e-14
Fiddler_Crab_manifold,455246,3186664,CUDSS,PATCH_ORDERING,9,metis_kway,512,1580.9,9.21784,423,96,8,31,5.66446e-14
Fiddler_Crab_manifold,455246,3186664,CUDSS,PATCH_ORDERING,11,metis_kway,256,2698.05,9.31963,659,96,7,28,5.66434e-14
Fiddler_Crab,455246,3186668,CUDSS,PATCH_ORDERING,9,rxmesh,512,41.0622,8.95184,438,94,7,31,5.65908e-14
Fiddler_Crab,455246,3186668,CUDSS,PATCH_ORDERING,11,rxmesh,256,56.4764,9.54215,682,103,12,34,5.6635e-14
Fiddler_Crab,455246,3186668,CUDSS,PATCH_ORDERING,9,metis_kway,512,1605.32,9.18146,414,97,7,32,5.66144e-14
Fiddler_Crab,455246,3186668,CUDSS,PATCH_ORDERING,11,metis_kway,256,2788.33,9.41551,672,96,8,30,5.66356e-14
Le_Transi_De_Rene_De_Chalon,494980,3465540,CUDSS,PATCH_ORDERING,9,rxmesh,512,43.5016,11.587,493,129,47,23,5.893e-14
Le_Transi_De_Rene_De_Chalon,494980,3465540,CUDSS,PATCH_ORDERING,11,rxmesh,256,44.6024,11.8749,755,144,53,18,5.88775e-14
Le_Transi_De_Rene_De_Chalon,494980,3465540,CUDSS,PATCH_ORDERING,9,metis_kway,512,1775.77,11.8449,456,141,49,14,5.88725e-14
Le_Transi_De_Rene_De_Chalon,494980,3465540,CUDSS,PATCH_ORDERING,11,metis_kway,256,3072.53,11.6718,745,128,45,13,5.8875e-14
elephant_zun-36_6_a_b-joined,516176,3605590,CUDSS,PATCH_ORDERING,9,rxmesh,512,69.3535,10.3523,353,123,41,16,5.98787e-14
elephant_zun-36_6_a_b-joined,516176,3605590,CUDSS,PATCH_ORDERING,11,rxmesh,256,63.3354,10.4619,640,134,59,22,5.98897e-14
elephant_zun-36_6_a_b-joined,516176,3605590,CUDSS,PATCH_ORDERING,9,metis_kway,512,1486.12,10.561,373,125,40,13,5.99136e-14
elephant_zun-36_6_a_b-joined,516176,3605590,CUDSS,PATCH_ORDERING,11,metis_kway,256,2741.54,10.6299,658,123,38,12,5.99072e-14
swirling_base,519010,3633058,CUDSS,PATCH_ORDERING,9,rxmesh,512,36.3845,11.6146,325,125,45,17,6.09406e-14
swirling_base,519010,3633058,CUDSS,PATCH_ORDERING,11,rxmesh,256,197.956,11.326,585,136,50,16,6.08831e-14
swirling_base,519010,3633058,CUDSS,PATCH_ORDERING,9,metis_kway,512,1357.84,11.5351,302,125,42,13,6.09248e-14
swirling_base,519010,3633058,CUDSS,PATCH_ORDERING,11,metis_kway,256,2558.04,11.1063,558,124,44,15,6.08515e-14
week01,540639,3784601,CUDSS,PATCH_ORDERING,9,rxmesh,512,27.8537,15.3905,322,138,68,30,6.1651e-14
week01,540639,3784601,CUDSS,PATCH_ORDERING,11,rxmesh,512,37.888,15.1798,555,141,67,32,6.16436e-14
week01,540639,3784601,CUDSS,PATCH_ORDERING,9,metis_kway,512,1592.54,15.3023,305,138,61,17,6.16565e-14
week01,540639,3784601,CUDSS,PATCH_ORDERING,11,metis_kway,512,1595.63,15.4259,536,142,61,27,6.16961e-14
root_planter_box_v4_solid_high-definition,559855,3919015,CUDSS,PATCH_ORDERING,9,rxmesh,512,29.0191,15.3035,312,127,11,57,6.30563e-14
root_planter_box_v4_solid_high-definition,559855,3919015,CUDSS,PATCH_ORDERING,11,rxmesh,512,39.1741,14.8078,562,129,11,50,6.30202e-14
root_planter_box_v4_solid_high-definition,559855,3919015,CUDSS,PATCH_ORDERING,9,metis_kway,512,1765.09,15.3085,311,134,46,11,6.30313e-14
root_planter_box_v4_solid_high-definition,559855,3919015,CUDSS,PATCH_ORDERING,11,metis_kway,512,1763.6,15.1055,550,140,45,11,6.30776e-14
20131013_Venus2,587827,4114761,CUDSS,PATCH_ORDERING,9,rxmesh,512,41.6123,10.9893,397,136,48,16,6.42727e-14
20131013_Venus2,587827,4114761,CUDSS,PATCH_ORDERING,11,rxmesh,512,62.5979,11.1284,660,138,49,15,6.43034e-14
20131013_Venus2,587827,4114761,CUDSS,PATCH_ORDERING,9,metis_kway,512,1951.8,11.1673,395,138,53,16,6.42607e-14
20131013_Venus2,587827,4114761,CUDSS,PATCH_ORDERING,11,metis_kway,512,1943.85,11.0551,632,138,46,15,6.42859e-14
vlamp,597380,4182236,CUDSS,PATCH_ORDERING,9,rxmesh,512,121.991,6.66374,511,125,33,13,6.48082e-14
vlamp,597380,4182236,CUDSS,PATCH_ORDERING,11,rxmesh,512,215.594,6.86712,717,117,30,12,6.48108e-14
vlamp,597380,4182236,CUDSS,PATCH_ORDERING,9,metis_kway,512,1957.94,6.55727,451,120,34,11,6.48096e-14
vlamp,597380,4182236,CUDSS,PATCH_ORDERING,11,metis_kway,512,1956.51,6.68577,683,118,34,12,6.48439e-14
romanesco,637284,4449010,CUDSS,PATCH_ORDERING,9,rxmesh,512,48.3315,13.0483,364,146,58,14,6.77086e-14
romanesco,637284,4449010,CUDSS,PATCH_ORDERING,11,rxmesh,512,50.4451,12.7947,618,148,53,14,6.77133e-14
romanesco,637284,4449010,CUDSS,PATCH_ORDERING,9,metis_kway,512,1951.17,13.2013,371,150,57,15,6.77221e-14
romanesco,637284,4449010,CUDSS,PATCH_ORDERING,11,metis_kway,512,1992.12,13.048,588,153,57,15,6.77035e-14
1005586,906907,6396945,CUDSS,PATCH_ORDERING,9,rxmesh,512,218.55,13.5373,572,213,78,47,8.02054e-14
1005586,906907,6396945,CUDSS,PATCH_ORDERING,11,rxmesh,512,116.425,13.5485,999,207,70,59,8.02034e-14
1005586,906907,6396945,CUDSS,PATCH_ORDERING,9,metis_kway,512,3086.61,13.6137,566,213,87,43,8.01878e-14
1005586,906907,6396945,CUDSS,PATCH_ORDERING,11,metis_kway,512,3080.95,13.256,944,208,74,43,8.02697e-14
Nefertiti_open,948264,6635264,CUDSS,PATCH_ORDERING,9,rxmesh,512,75.3572,11.5417,576,202,79,20,8.13905e-14
Nefertiti_open,948264,6635264,CUDSS,PATCH_ORDERING,11,rxmesh,512,94.3112,11.6326,891,207,74,20,8.14156e-14
Nefertiti_open,948264,6635264,CUDSS,PATCH_ORDERING,9,metis_kway,512,3079.47,11.6729,575,210,86,21,8.14224e-14
Nefertiti_open,948264,6635264,CUDSS,PATCH_ORDERING,11,metis_kway,512,3182.14,11.8078,846,212,83,20,8.14355e-14
cloth10x10,952741,6661303,CUDSS,PATCH_ORDERING,9,rxmesh,512,57.7618,10.548,564,196,73,19,-nan
cloth10x10,952741,6661303,CUDSS,PATCH_ORDERING,11,rxmesh,512,89.599,10.7582,898,194,68,20,nan
cloth10x10,952741,6661303,CUDSS,PATCH_ORDERING,9,metis_kway,512,3107.06,10.859,589,193,75,20,nan
cloth10x10,952741,6661303,CUDSS,PATCH_ORDERING,11,metis_kway,512,3058.24,10.8034,870,193,70,20,nan
372112,979353,6855459,CUDSS,PATCH_ORDERING,9,rxmesh,512,80.6891,11.2921,760,210,82,61,8.30432e-14
372112,979353,6855459,CUDSS,PATCH_ORDERING,11,rxmesh,512,101.114,11.4322,941,208,68,17,8.3045e-14
372112,979353,6855459,CUDSS,PATCH_ORDERING,9,metis_kway,512,3609.98,11.4792,686,207,83,26,8.30207e-14
372112,979353,6855459,CUDSS,PATCH_ORDERING,11,metis_kway,512,3546.84,11.6609,960,216,85,26,8.30572e-14
376252,980051,6860357,CUDSS,PATCH_ORDERING,9,rxmesh,512,66.091,12.5005,678,234,98,52,8.3581e-14
376252,980051,6860357,CUDSS,PATCH_ORDERING,11,rxmesh,512,83.2573,12.4041,1015,222,93,29,8.35704e-14
376252,980051,6860357,CUDSS,PATCH_ORDERING,9,metis_kway,512,3693.87,12.6686,681,229,85,38,8.35871e-14
376252,980051,6860357,CUDSS,PATCH_ORDERING,11,metis_kway,512,3791.2,12.7145,955,219,78,39,8.35995e-14
Nefertiti,1009118,7063814,CUDSS,PATCH_ORDERING,9,rxmesh,512,139.777,11.5143,628,213,85,51,8.39373e-14
Nefertiti,1009118,7063814,CUDSS,PATCH_ORDERING,11,rxmesh,512,98.8589,11.7779,955,219,93,47,8.39125e-14
Nefertiti,1009118,7063814,CUDSS,PATCH_ORDERING,9,metis_kway,512,3357.57,11.792,556,214,100,28,8.39139e-14
Nefertiti,1009118,7063814,CUDSS,PATCH_ORDERING,11,metis_kway,512,3491.23,11.8672,878,211,90,37,8.39175e-14
Blue_Sea_Star,1120415,7842773,CUDSS,PATCH_ORDERING,9,rxmesh,512,98.2845,10.256,868,221,66,22,8.88082e-14
Blue_Sea_Star,1120415,7842773,CUDSS,PATCH_ORDERING,11,rxmesh,512,103.296,10.4214,1163,224,64,24,8.88072e-14
Blue_Sea_Star,1120415,7842773,CUDSS,PATCH_ORDERING,9,metis_kway,512,3986.29,10.4497,835,237,69,17,8.88215e-14
Blue_Sea_Star,1120415,7842773,CUDSS,PATCH_ORDERING,11,metis_kway,512,3985,10.5789,1184,233,66,17,8.87931e-14
488FancyRoller,1138346,7963504,CUDSS,PATCH_ORDERING,9,rxmesh,512,305.553,12.884,688,237,94,21,8.92709e-14
488FancyRoller,1138346,7963504,CUDSS,PATCH_ORDERING,11,rxmesh,512,263.59,12.6054,954,233,87,22,8.93019e-14
488FancyRoller,1138346,7963504,CUDSS,PATCH_ORDERING,9,metis_kway,512,4191.89,12.9167,610,239,91,19,8.93402e-14
488FancyRoller,1138346,7963504,CUDSS,PATCH_ORDERING,11,metis_kway,512,4202.8,12.7342,926,241,85,19,8.92971e-14
sphere5_1M,1171598,8201174,CUDSS,PATCH_ORDERING,9,rxmesh,512,66.7679,15.9475,645,276,114,97,8.92124e-14
sphere5_1M,1171598,8201174,CUDSS,PATCH_ORDERING,11,rxmesh,512,76.8686,15.4217,970,271,107,88,8.92535e-14
sphere5_1M,1171598,8201174,CUDSS,PATCH_ORDERING,9,metis_kway,512,4618.47,16.0762,587,277,150,51,8.91968e-14
sphere5_1M,1171598,8201174,CUDSS,PATCH_ORDERING,11,metis_kway,512,4641.45,15.7661,970,286,110,84,8.9243e-14
Goethe_Lifemask,1173249,8208477,CUDSS,PATCH_ORDERING,9,rxmesh,512,77.908,11.8678,851,258,108,43,9.0963e-14
Goethe_Lifemask,1173249,8208477,CUDSS,PATCH_ORDERING,11,rxmesh,512,135.273,11.9592,1195,250,98,43,9.094e-14
Goethe_Lifemask,1173249,8208477,CUDSS,PATCH_ORDERING,9,metis_kway,512,4191.6,12.0364,836,263,98,49,9.09562e-14
Goethe_Lifemask,1173249,8208477,CUDSS,PATCH_ORDERING,11,metis_kway,512,4171.44,12.1723,1146,261,98,39,9.09601e-14
Xenophora,1177334,8241304,CUDSS,PATCH_ORDERING,9,rxmesh,512,111.588,10.7937,932,251,93,43,9.1072e-14
Xenophora,1177334,8241304,CUDSS,PATCH_ORDERING,11,rxmesh,512,157.48,10.8282,1235,250,88,40,9.10376e-14
Xenophora,1177334,8241304,CUDSS,PATCH_ORDERING,9,metis_kway,512,4197.4,11.0224,847,246,94,36,9.1033e-14
Xenophora,1177334,8241304,CUDSS,PATCH_ORDERING,11,metis_kway,512,4214.51,11.1533,1158,253,89,36,9.10079e-14
Dragon_2,1189200,8324424,CUDSS,PATCH_ORDERING,9,rxmesh,512,128.708,10.1539,876,235,103,38,9.11898e-14
Dragon_2,1189200,8324424,CUDSS,PATCH_ORDERING,11,rxmesh,512,128.909,10.4737,1262,248,83,63,9.1209e-14
Dragon_2,1189200,8324424,CUDSS,PATCH_ORDERING,9,metis_kway,512,4237.49,10.128,847,241,80,19,9.12341e-14
Dragon_2,1189200,8324424,CUDSS,PATCH_ORDERING,11,metis_kway,512,4215.72,10.3154,1168,245,79,19,9.11768e-14
226633,1225855,8580985,CUDSS,PATCH_ORDERING,9,rxmesh,512,130.767,20.4456,806,317,217,60,9.38158e-14
226633,1225855,8580985,CUDSS,PATCH_ORDERING,11,rxmesh,512,108.417,19.5246,1178,322,193,58,9.38375e-14
226633,1225855,8580985,CUDSS,PATCH_ORDERING,9,metis_kway,512,4492.59,20.5881,774,327,135,132,9.38106e-14
226633,1225855,8580985,CUDSS,PATCH_ORDERING,11,metis_kway,512,4426.24,20.0051,1120,321,119,142,9.38038e-14
Horse_Head,1250389,8750579,CUDSS,PATCH_ORDERING,9,rxmesh,512,119.74,11.5938,1177,270,110,42,9.32862e-14
Horse_Head,1250389,8750579,CUDSS,PATCH_ORDERING,11,rxmesh,512,149.582,11.5946,1595,273,91,27,9.32973e-14
Horse_Head,1250389,8750579,CUDSS,PATCH_ORDERING,9,metis_kway,512,5668.73,11.7316,1152,272,101,38,9.33041e-14
Horse_Head,1250389,8750579,CUDSS,PATCH_ORDERING,11,metis_kway,512,5885.06,11.8717,1538,267,89,56,9.32875e-14
Lucy_3M_O10,1264847,8853905,CUDSS,PATCH_ORDERING,9,rxmesh,512,84.9981,12.5477,714,264,115,63,9.37104e-14
Lucy_3M_O10,1264847,8853905,CUDSS,PATCH_ORDERING,11,rxmesh,512,135.956,12.4673,1112,265,113,63,9.36829e-14
Lucy_3M_O10,1264847,8853905,CUDSS,PATCH_ORDERING,9,metis_kway,512,4534.12,12.9437,705,281,110,70,9.36949e-14
Lucy_3M_O10,1264847,8853905,CUDSS,PATCH_ORDERING,11,metis_kway,512,4521.62,12.8076,1135,275,104,65,9.36972e-14
120628,1264847,8853905,CUDSS,PATCH_ORDERING,9,rxmesh,512,85.3912,12.7011,814,282,112,69,9.36974e-14
120628,1264847,8853905,CUDSS,PATCH_ORDERING,11,rxmesh,512,85.0409,12.439,1153,264,116,65,9.36923e-14
120628,1264847,8853905,CUDSS,PATCH_ORDERING,9,metis_kway,512,4535.66,12.9409,748,279,98,77,9.36995e-14
120628,1264847,8853905,CUDSS,PATCH_ORDERING,11,metis_kway,512,4526.77,12.9163,1155,272,108,59,9.36814e-14
994785,1270940,8896568,CUDSS,PATCH_ORDERING,9,rxmesh,512,104.351,12.989,790,266,115,43,9.48801e-14
994785,1270940,8896568,CUDSS,PATCH_ORDERING,11,rxmesh,512,156.289,12.8393,1089,255,106,42,9.48989e-14
994785,1270940,8896568,CUDSS,PATCH_ORDERING,9,metis_kway,512,4598.51,13.157,668,268,111,38,9.49341e-14
994785,1270940,8896568,CUDSS,PATCH_ORDERING,11,metis_kway,512,4597.87,13.2119,1041,274,104,38,9.4921e-14
994786,1279849,8958943,CUDSS,PATCH_ORDERING,9,rxmesh,512,114.014,13.1721,764,271,120,53,9.52714e-14
994786,1279849,8958943,CUDSS,PATCH_ORDERING,11,rxmesh,512,128.732,12.9923,1129,266,111,44,9.5304e-14
994786,1279849,8958943,CUDSS,PATCH_ORDERING,9,metis_kway,512,4652.26,13.1028,683,272,109,39,9.53051e-14
994786,1279849,8958943,CUDSS,PATCH_ORDERING,11,metis_kway,512,4669.69,12.9545,1044,271,100,37,9.5331e-14
103354,1347290,9489650,CUDSS,PATCH_ORDERING,9,rxmesh,512,428.882,10.8217,921,291,140,59,9.66511e-14
103354,1347290,9489650,CUDSS,PATCH_ORDERING,11,rxmesh,512,347.837,10.8427,1345,293,105,43,9.66368e-14
103354,1347290,9489650,CUDSS,PATCH_ORDERING,9,metis_kway,512,4854.26,10.6607,889,292,108,37,9.66229e-14
103354,1347290,9489650,CUDSS,PATCH_ORDERING,11,metis_kway,512,4846.19,10.8516,1287,283,102,48,9.66665e-14
Sphinx_1,1397519,9782671,CUDSS,PATCH_ORDERING,9,rxmesh,512,128.79,13.6048,801,293,119,69,9.97366e-14
Sphinx_1,1397519,9782671,CUDSS,PATCH_ORDERING,11,rxmesh,512,123.238,13.4594,1196,298,107,85,9.97522e-14
Sphinx_1,1397519,9782671,CUDSS,PATCH_ORDERING,9,metis_kway,512,5456.58,13.7243,780,291,123,61,9.97724e-14
Sphinx_1,1397519,9782671,CUDSS,PATCH_ORDERING,11,metis_kway,512,5441.05,13.5633,1155,295,102,80,9.97442e-14
out,1406021,9842135,CUDSS,PATCH_ORDERING,9,rxmesh,512,90.8749,16.4687,1191,331,140,92,1.004e-13
out,1406021,9842135,CUDSS,PATCH_ORDERING,11,rxmesh,512,112.308,15.6971,1662,329,113,97,1.00454e-13
out,1406021,9842135,CUDSS,PATCH_ORDERING,9,metis_kway,512,6768.46,16.586,1185,331,151,72,1.00374e-13
out,1406021,9842135,CUDSS,PATCH_ORDERING,11,metis_kway,512,6888.28,15.9882,1574,327,112,97,1.00444e-13
Thorne,1478051,10346403,CUDSS,PATCH_ORDERING,9,rxmesh,512,259.719,12.9068,1472,314,125,76,1.02184e-13
Thorne,1478051,10346403,CUDSS,PATCH_ORDERING,11,rxmesh,512,189.85,12.9171,1943,315,125,63,1.0219e-13
Thorne,1478051,10346403,CUDSS,PATCH_ORDERING,9,metis_kway,512,7448.17,13.0732,1477,333,164,38,1.02157e-13
Thorne,1478051,10346403,CUDSS,PATCH_ORDERING,11,metis_kway,512,7355.14,12.8498,1918,323,156,37,1.02154e-13
20131208_VenusDeMilo_Full_Scale_captured_by_Cosmo_Wenman,1577057,11039387,CUDSS,PATCH_ORDERING,9,rxmesh,512,243.134,11.7808,1008,320,137,44,1.05451e-13
20131208_VenusDeMilo_Full_Scale_captured_by_Cosmo_Wenman,1577057,11039387,CUDSS,PATCH_ORDERING,11,rxmesh,512,174.172,11.7876,1571,320,108,77,1.05476e-13
20131208_VenusDeMilo_Full_Scale_captured_by_Cosmo_Wenman,1577057,11039387,CUDSS,PATCH_ORDERING,9,metis_kway,512,6343.93,11.9298,1030,321,128,55,1.05453e-13
20131208_VenusDeMilo_Full_Scale_captured_by_Cosmo_Wenman,1577057,11039387,CUDSS,PATCH_ORDERING,11,metis_kway,512,6325.91,12.0266,1556,318,119,57,1.05443e-13
372114,1577057,11039387,CUDSS,PATCH_ORDERING,9,rxmesh,512,310.952,11.7741,1043,329,109,78,1.05528e-13
372114,1577057,11039387,CUDSS,PATCH_ORDERING,11,rxmesh,512,180.733,11.8171,1592,305,114,78,1.05539e-13
372114,1577057,11039387,CUDSS,PATCH_ORDERING,9,metis_kway,512,6341.02,11.9918,1060,325,128,57,1.0553e-13
372114,1577057,11039387,CUDSS,PATCH_ORDERING,11,metis_kway,512,6348.03,12.108,1534,328,100,77,1.05591e-13
uploads_b1_e4_b1_2a_5c_20131208+VenusDeMilo+Full+Scale+captured+by+Cosmo+Wenman,1577057,11039387,CUDSS,PATCH_ORDERING,9,rxmesh,512,173.738,11.7527,921,309,119,70,1.05299e-13
uploads_b1_e4_b1_2a_5c_20131208+VenusDeMilo+Full+Scale+captured+by+Cosmo+Wenman,1577057,11039387,CUDSS,PATCH_ORDERING,11,rxmesh,512,209.561,11.8409,1243,296,137,46,1.05321e-13
uploads_b1_e4_b1_2a_5c_20131208+VenusDeMilo+Full+Scale+captured+by+Cosmo+Wenman,1577057,11039387,CUDSS,PATCH_ORDERING,9,metis_kway,512,6326.36,11.8226,825,318,141,41,1.05344e-13
uploads_b1_e4_b1_2a_5c_20131208+VenusDeMilo+Full+Scale+captured+by+Cosmo+Wenman,1577057,11039387,CUDSS,PATCH_ORDERING,11,metis_kway,512,6352.77,11.8634,1228,298,134,42,1.0535e-13
Poetsche_Photoskultur_Goethe,1592141,11145023,CUDSS,PATCH_ORDERING,9,rxmesh,512,188.851,14.3793,893,334,194,44,1.05837e-13
Poetsche_Photoskultur_Goethe,1592141,11145023,CUDSS,PATCH_ORDERING,11,rxmesh,512,202.297,14.0952,1254,331,150,72,1.05849e-13
Poetsche_Photoskultur_Goethe,1592141,11145023,CUDSS,PATCH_ORDERING,9,metis_kway,512,5747.72,14.5181,752,337,157,72,1.05799e-13
Poetsche_Photoskultur_Goethe,1592141,11145023,CUDSS,PATCH_ORDERING,11,metis_kway,512,5736.99,14.2204,1261,328,135,81,1.0586e-13
Bootleg_Eve,1648092,11536650,CUDSS,PATCH_ORDERING,9,rxmesh,512,188.943,10.8744,1275,331,127,83,1.07136e-13
Bootleg_Eve,1648092,11536650,CUDSS,PATCH_ORDERING,11,rxmesh,512,188.56,11.0505,1718,325,115,87,1.07136e-13
Bootleg_Eve,1648092,11536650,CUDSS,PATCH_ORDERING,9,metis_kway,512,6052.54,11.1256,1197,325,117,90,1.07113e-13
Bootleg_Eve,1648092,11536650,CUDSS,PATCH_ORDERING,11,metis_kway,512,6018.54,11.2638,1675,328,112,88,1.07091e-13
Lucius_Quinctius_Cincinnatus,1683007,11781157,CUDSS,PATCH_ORDERING,9,rxmesh,512,353.234,12.725,1308,370,140,77,1.08992e-13
Lucius_Quinctius_Cincinnatus,1683007,11781157,CUDSS,PATCH_ORDERING,11,rxmesh,512,269.529,12.7052,1831,376,148,60,1.09017e-13
Lucius_Quinctius_Cincinnatus,1683007,11781157,CUDSS,PATCH_ORDERING,9,metis_kway,512,8440.8,12.9799,1346,351,129,86,1.09003e-13
Lucius_Quinctius_Cincinnatus,1683007,11781157,CUDSS,PATCH_ORDERING,11,metis_kway,512,8444.72,12.9506,1778,345,118,94,1.08991e-13
Willy_Selke_Tondo,1696572,11876360,CUDSS,PATCH_ORDERING,9,rxmesh,512,252.557,10.2413,913,310,128,57,1.07577e-13
Willy_Selke_Tondo,1696572,11876360,CUDSS,PATCH_ORDERING,11,rxmesh,512,217.332,10.5277,1301,318,123,60,1.07613e-13
Willy_Selke_Tondo,1696572,11876360,CUDSS,PATCH_ORDERING,9,metis_kway,512,5901.2,10.4859,826,327,148,54,1.07601e-13
Willy_Selke_Tondo,1696572,11876360,CUDSS,PATCH_ORDERING,11,metis_kway,512,5920.61,10.603,1327,315,129,53,1.07606e-13
Francois_Willeme_Selbsbildnis_LOW_170mb,1740098,12180890,CUDSS,PATCH_ORDERING,9,rxmesh,512,229.484,12.3458,878,333,155,69,1.10576e-13
Francois_Willeme_Selbsbildnis_LOW_170mb,1740098,12180890,CUDSS,PATCH_ORDERING,11,rxmesh,512,193.473,12.297,1319,335,110,123,1.10568e-13
Francois_Willeme_Selbsbildnis_LOW_170mb,1740098,12180890,CUDSS,PATCH_ORDERING,9,metis_kway,512,6238.14,12.3855,884,334,153,54,1.10554e-13
Francois_Willeme_Selbsbildnis_LOW_170mb,1740098,12180890,CUDSS,PATCH_ORDERING,11,metis_kway,512,6280.46,12.4915,1255,339,123,106,1.10582e-13
Horned_Sea_Star,1749060,12243426,CUDSS,PATCH_ORDERING,9,rxmesh,512,224.55,11.7908,1018,347,141,88,1.09988e-13
Horned_Sea_Star,1749060,12243426,CUDSS,PATCH_ORDERING,11,rxmesh,512,201.118,11.8043,1538,352,141,61,1.10009e-13
Horned_Sea_Star,1749060,12243426,CUDSS,PATCH_ORDERING,9,metis_kway,512,6445.29,12.0611,990,345,126,101,1.09983e-13
Horned_Sea_Star,1749060,12243426,CUDSS,PATCH_ORDERING,11,metis_kway,512,6437.68,12.0162,1566,349,138,73,1.09977e-13
Beethoven,1749976,12249958,CUDSS,PATCH_ORDERING,9,rxmesh,512,244.748,12.1624,1400,348,162,55,1.11175e-13
Beethoven,1749976,12249958,CUDSS,PATCH_ORDERING,11,rxmesh,512,226.23,12.0413,1903,337,123,66,1.11184e-13
Beethoven,1749976,12249958,CUDSS,PATCH_ORDERING,9,metis_kway,512,9019.04,12.4789,1400,356,144,54,1.11179e-13
Beethoven,1749976,12249958,CUDSS,PATCH_ORDERING,11,metis_kway,512,9009.09,12.4094,1879,345,124,63,1.112e-13
Murex_Romosus,1759781,12318455,CUDSS,PATCH_ORDERING,9,rxmesh,512,250.51,14.1803,1252,378,141,109,1.11937e-13
Murex_Romosus,1759781,12318455,CUDSS,PATCH_ORDERING,11,rxmesh,512,300.242,14.0889,1733,373,146,94,1.11966e-13
Murex_Romosus,1759781,12318455,CUDSS,PATCH_ORDERING,9,metis_kway,512,8220.17,14.5396,1214,391,173,79,1.11929e-13
Murex_Romosus,1759781,12318455,CUDSS,PATCH_ORDERING,11,metis_kway,512,8285.69,14.2321,1773,383,132,107,1.11972e-13
